{
  "100" : {
    "Count Leaves" : {
      "VANILLA" : {
        "memory" : 552.0,
        "dbHits" : 418.0,
        "time" : 1.2496958
      },
      "String" : {
        "memory" : 480.0,
        "dbHits" : 301.0,
        "time" : 1.1258665
      }
    },
    "Check Same Subtree" : {
      "VANILLA" : {
        "memory" : 7360.4,
        "dbHits" : 34.2,
        "time" : 8.6606
      },
      "String" : {
        "memory" : 312.0,
        "dbHits" : 0.0,
        "time" : 3.1276375000000005
      }
    },
    "Find all descendants" : {
      "VANILLA" : {
        "memory" : 368.0,
        "dbHits" : 894.0,
        "time" : 1.1653206
      },
      "String" : {
        "memory" : 312.0,
        "dbHits" : 501.0,
        "time" : 1.7490955000000004
      }
    },
    "Count Descendants" : {
      "VANILLA" : {
        "memory" : 552.0,
        "dbHits" : 399.0,
        "time" : 1.1711208
      },
      "String" : {
        "memory" : 480.0,
        "dbHits" : 101.0,
        "time" : 0.8958835
      }
    },
    "Find all Leaves" : {
      "VANILLA" : {
        "memory" : 368.0,
        "dbHits" : 713.0,
        "time" : 1.3516664999999999
      },
      "String" : {
        "memory" : 312.0,
        "dbHits" : 537.0,
        "time" : 1.0016918000000001
      }
    },
    "Get LCA" : {
      "VANILLA" : {
        "memory" : 8721.6,
        "dbHits" : 47.8,
        "time" : 5.9593041
      },
      "String" : {
        "memory" : 6871.2,
        "dbHits" : 6.0,
        "time" : 7.970496
      }
    },
    "Check if one node is the ancestor of another" : {
      "VANILLA" : {
        "memory" : 9352.0,
        "dbHits" : 22.4,
        "time" : 7.5155001
      },
      "String" : {
        "memory" : 312.0,
        "dbHits" : 0.0,
        "time" : 2.5134041
      }
    },
    "Get all ancestors" : {
      "VANILLA" : {
        "memory" : 358.4,
        "dbHits" : 39.0,
        "time" : 3.6481583
      },
      "String" : {
        "memory" : 3199.2,
        "dbHits" : 67.8,
        "time" : 4.2982749
      }
    }
  },
  "1k" : {
    "Count Leaves" : {
      "VANILLA" : {
        "memory" : 640.0,
        "dbHits" : 4438.0,
        "time" : 1.1139207999999998
      },
      "String" : {
        "memory" : 480.0,
        "dbHits" : 3001.0,
        "time" : 1.0523624000000003
      }
    },
    "Check Same Subtree" : {
      "VANILLA" : {
        "memory" : 7694.4,
        "dbHits" : 35.2,
        "time" : 4.991749899999999
      },
      "String" : {
        "memory" : 312.0,
        "dbHits" : 0.0,
        "time" : 3.1309456999999994
      }
    },
    "Find all descendants" : {
      "VANILLA" : {
        "memory" : 368.0,
        "dbHits" : 8994.0,
        "time" : 1.1570748
      },
      "String" : {
        "memory" : 312.0,
        "dbHits" : 5001.0,
        "time" : 1.0806831
      }
    },
    "Count Descendants" : {
      "VANILLA" : {
        "memory" : 640.0,
        "dbHits" : 3999.0,
        "time" : 1.1339041
      },
      "String" : {
        "memory" : 480.0,
        "dbHits" : 1001.0,
        "time" : 1.0440874
      }
    },
    "Find all Leaves" : {
      "VANILLA" : {
        "memory" : 368.0,
        "dbHits" : 8033.0,
        "time" : 1.0699625
      },
      "String" : {
        "memory" : 312.0,
        "dbHits" : 5877.0,
        "time" : 0.9475834000000001
      }
    },
    "Get LCA" : {
      "VANILLA" : {
        "memory" : 6009.2,
        "dbHits" : 44.6,
        "time" : 8.6914541
      },
      "String" : {
        "memory" : 7011.2,
        "dbHits" : 6.0,
        "time" : 12.4034001
      }
    },
    "Check if one node is the ancestor of another" : {
      "VANILLA" : {
        "memory" : 9352.0,
        "dbHits" : 26.2,
        "time" : 7.396224999999999
      },
      "String" : {
        "memory" : 312.0,
        "dbHits" : 0.0,
        "time" : 2.5082294000000003
      }
    },
    "Get all ancestors" : {
      "VANILLA" : {
        "memory" : 363.2,
        "dbHits" : 46.2,
        "time" : 4.8658166000000005
      },
      "String" : {
        "memory" : 3197.6,
        "dbHits" : 536.8,
        "time" : 4.8580792
      }
    }
  },
  "10k" : {
    "Count Leaves" : {
      "VANILLA" : {
        "memory" : 672.0,
        "dbHits" : 44292.0,
        "time" : 4.3203459
      },
      "String" : {
        "memory" : 480.0,
        "dbHits" : 30001.0,
        "time" : 3.628004
      }
    },
    "Check Same Subtree" : {
      "VANILLA" : {
        "memory" : 10142.4,
        "dbHits" : 47.4,
        "time" : 10.1473917
      },
      "String" : {
        "memory" : 312.0,
        "dbHits" : 0.0,
        "time" : 5.6607958
      }
    },
    "Find all descendants" : {
      "VANILLA" : {
        "memory" : 416.0,
        "dbHits" : 89994.0,
        "time" : 2.5791959999999996
      },
      "String" : {
        "memory" : 312.0,
        "dbHits" : 50001.0,
        "time" : 1.9353291
      }
    },
    "Count Descendants" : {
      "VANILLA" : {
        "memory" : 672.0,
        "dbHits" : 39999.0,
        "time" : 2.5498583
      },
      "String" : {
        "memory" : 480.0,
        "dbHits" : 10001.0,
        "time" : 1.8349376
      }
    },
    "Find all Leaves" : {
      "VANILLA" : {
        "memory" : 416.0,
        "dbHits" : 80022.0,
        "time" : 1.9908625999999998
      },
      "String" : {
        "memory" : 312.0,
        "dbHits" : 58585.0,
        "time" : 1.8879165999999998
      }
    },
    "Get LCA" : {
      "VANILLA" : {
        "memory" : 7189.6,
        "dbHits" : 53.8,
        "time" : 8.417679199999998
      },
      "String" : {
        "memory" : 7352.8,
        "dbHits" : 6.0,
        "time" : 15.826533399999997
      }
    },
    "Check if one node is the ancestor of another" : {
      "VANILLA" : {
        "memory" : 9352.0,
        "dbHits" : 32.8,
        "time" : 7.9387916
      },
      "String" : {
        "memory" : 312.0,
        "dbHits" : 0.0,
        "time" : 3.2833249
      }
    },
    "Get all ancestors" : {
      "VANILLA" : {
        "memory" : 368.0,
        "dbHits" : 64.2,
        "time" : 5.0365415
      },
      "String" : {
        "memory" : 3199.2,
        "dbHits" : 6672.8,
        "time" : 7.409979199999998
      }
    }
  },
  "100k" : {
    "Count Leaves" : {
      "VANILLA" : {
        "memory" : 640.0,
        "dbHits" : 482700.0,
        "time" : 2.0489877
      },
      "String" : {
        "memory" : 480.0,
        "dbHits" : 300001.0,
        "time" : 1.8861376
      }
    },
    "Check Same Subtree" : {
      "VANILLA" : {
        "memory" : 7956.4,
        "dbHits" : 37.6,
        "time" : 9.718829199999998
      },
      "String" : {
        "memory" : 312.0,
        "dbHits" : 0.0,
        "time" : 3.8478915999999996
      }
    },
    "Find all descendants" : {
      "VANILLA" : {
        "memory" : 368.0,
        "dbHits" : 899994.0,
        "time" : 1.729975
      },
      "String" : {
        "memory" : 312.0,
        "dbHits" : 500001.0,
        "time" : 1.5009127
      }
    },
    "Count Descendants" : {
      "VANILLA" : {
        "memory" : 640.0,
        "dbHits" : 399999.0,
        "time" : 1.9200624999999998
      },
      "String" : {
        "memory" : 480.0,
        "dbHits" : 100001.0,
        "time" : 1.4665709000000002
      }
    },
    "Find all Leaves" : {
      "VANILLA" : {
        "memory" : 368.0,
        "dbHits" : 939450.0,
        "time" : 1.587679
      },
      "String" : {
        "memory" : 312.0,
        "dbHits" : 665401.0,
        "time" : 1.7315584999999998
      }
    },
    "Get LCA" : {
      "VANILLA" : {
        "memory" : 5828.4,
        "dbHits" : 42.4,
        "time" : 11.3923917
      },
      "String" : {
        "memory" : 6960.0,
        "dbHits" : 6.0,
        "time" : 10.4872334
      }
    },
    "Check if one node is the ancestor of another" : {
      "VANILLA" : {
        "memory" : 9352.0,
        "dbHits" : 25.6,
        "time" : 9.1436584
      },
      "String" : {
        "memory" : 312.0,