{
  "100" : {
    "Count Leaves" : {
      "VANILLA" : {
        "memory" : 504.0,
        "dbHits" : 460.0,
        "time" : 0.8302292
      },
      "String" : {
        "memory" : 480.0,
        "dbHits" : 301.0,
        "time" : 0.7259958999999999
      }
    },
    "Check Same Subtree" : {
      "VANILLA" : {
        "memory" : 5782.8,
        "dbHits" : 24.4,
        "time" : 4.2799458
      },
      "String" : {
        "memory" : 312.0,
        "dbHits" : 0.0,
        "time" : 1.8760204999999999
      }
    },
    "Find all descendants" : {
      "VANILLA" : {
        "memory" : 320.0,
        "dbHits" : 894.0,
        "time" : 0.8118542999999999
      },
      "String" : {
        "memory" : 312.0,
        "dbHits" : 501.0,
        "time" : 0.6266877999999998
      }
    },
    "Count Descendants" : {
      "VANILLA" : {
        "memory" : 504.0,
        "dbHits" : 399.0,
        "time" : 0.8150584000000001
      },
      "String" : {
        "memory" : 480.0,
        "dbHits" : 101.0,
        "time" : 0.6159999
      }
    },
    "Find all Leaves" : {
      "VANILLA" : {
        "memory" : 320.0,
        "dbHits" : 860.0,
        "time" : 0.8896292000000001
      },
      "String" : {
        "memory" : 312.0,
        "dbHits" : 621.0,
        "time" : 0.7503208000000001
      }
    },
    "Get LCA" : {
      "VANILLA" : {
        "memory" : 8483.2,
        "dbHits" : 35.4,
        "time" : 4.4671794
      },
      "String" : {
        "memory" : 6470.4,
        "dbHits" : 6.0,
        "time" : 6.465432999999999
      }
    },
    "Check if one node is the ancestor of another" : {
      "VANILLA" : {
        "memory" : 9351.2,
        "dbHits" : 15.6,
        "time" : 4.2143918
      },
      "String" : {
        "memory" : 312.0,
        "dbHits" : 0.0,
        "time" : 1.2133915
      }
    },
    "Get all ancestors" : {
      "VANILLA" : {
        "memory" : 320.0,
        "dbHits" : 25.5,
        "time" : 2.4314167
      },
      "String" : {
        "memory" : 3192.0,
        "dbHits" : 64.7,
        "time" : 3.0781333
      }
    }
  },
  "1k" : {
    "Count Leaves" : {
      "VANILLA" : {
        "memory" : 640.0,
        "dbHits" : 4750.0,
        "time" : 0.8107165999999999
      },
      "String" : {
        "memory" : 480.0,
        "dbHits" : 3001.0,
        "time" : 0.7085541
      }
    },
    "Check Same Subtree" : {
      "VANILLA" : {
        "memory" : 5986.0,
        "dbHits" : 25.4,
        "time" : 5.5054126
      },
      "String" : {
        "memory" : 312.0,
        "dbHits" : 0.0,
        "time" : 1.8859836
      }
    },
    "Find all descendants" : {
      "VANILLA" : {
        "memory" : 368.0,
        "dbHits" : 8994.0,
        "time" : 0.9021834
      },
      "String" : {
        "memory" : 312.0,
        "dbHits" : 5001.0,
        "time" : 0.6692624
      }
    },
    "Count Descendants" : {
      "VANILLA" : {
        "memory" : 640.0,
        "dbHits" : 3999.0,
        "time" : 0.8763540000000001
      },
      "String" : {
        "memory" : 480.0,
        "dbHits" : 1001.0,
        "time" : 0.5912585
      }
    },
    "Find all Leaves" : {
      "VANILLA" : {
        "memory" : 368.0,
        "dbHits" : 9125.0,
        "time" : 0.9746040999999999
      },
      "String" : {
        "memory" : 312.0,
        "dbHits" : 6501.0,
        "time" : 0.8326043000000001
      }
    },
    "Get LCA" : {
      "VANILLA" : {
        "memory" : 4945.2,
        "dbHits" : 33.4,
        "time" : 4.3091166
      },
      "String" : {
        "memory" : 6617.6,
        "dbHits" : 6.0,
        "time" : 6.111187500000001
      }
    },
    "Check if one node is the ancestor of another" : {
      "VANILLA" : {
        "memory" : 9352.0,
        "dbHits" : 18.8,
        "time" : 4.207312399999999
      },
      "String" : {
        "memory" : 312.0,
        "dbHits" : 0.0,
        "time" : 1.6248208000000002
      }
    },
    "Get all ancestors" : {
      "VANILLA" : {
        "memory" : 334.4,
        "dbHits" : 30.9,
        "time" : 2.5597082
      },
      "String" : {
        "memory" : 3192.8,
        "dbHits" : 592.0,
        "time" : 3.0056708
      }
    }
  },
  "10k" : {
    "Count Leaves" : {
      "VANILLA" : {
        "memory" : 640.0,
        "dbHits" : 48000.0,
        "time" : 1.4245708
      },
      "String" : {
        "memory" : 480.0,
        "dbHits" : 30001.0,
        "time" : 1.1052001
      }
    },
    "Check Same Subtree" : {
      "VANILLA" : {
        "memory" : 6721.6,
        "dbHits" : 30.8,
        "time" : 6.0492957999999994
      },
      "String" : {
        "memory" : 312.0,
        "dbHits" : 0.0,
        "time" : 2.0339332
      }
    },
    "Find all descendants" : {
      "VANILLA" : {
        "memory" : 368.0,
        "dbHits" : 89994.0,
        "time" : 1.2553041999999999
      },
      "String" : {
        "memory" : 312.0,
        "dbHits" : 50001.0,
        "time" : 0.9587541000000002
      }
    },
    "Count Descendants" : {
      "VANILLA" : {
        "memory" : 640.0,
        "dbHits" : 39999.0,
        "time" : 1.0472998
      },
      "String" : {
        "memory" : 480.0,
        "dbHits" : 10001.0,
        "time" : 1.3283540999999999
      }
    },
    "Find all Leaves" : {
      "VANILLA" : {
        "memory" : 368.0,
        "dbHits" : 93000.0,
        "time" : 1.0307081000000002
      },
      "String" : {
        "memory" : 312.0,
        "dbHits" : 66001.0,
        "time" : 0.8819623000000002
      }
    },
    "Get LCA" : {
      "VANILLA" : {
        "memory" : 5292.0,
        "dbHits" : 37.0,
        "time" : 4.6539709
      },
      "String" : {
        "memory" : 6724.8,
        "dbHits" : 6.0,
        "time" : 8.637041700000001
      }
    },
    "Check if one node is the ancestor of another" : {
      "VANILLA" : {
        "memory" : 9352.0,
        "dbHits" : 21.8,
        "time" : 4.0624706
      },
      "String" : {
        "memory" : 312.0,
        "dbHits" : 0.0,
        "time" : 1.3225209
      }
    },
    "Get all ancestors" : {
      "VANILLA" : {
        "memory" : 363.2,
        "dbHits" : 38.1,
        "time" : 2.593025
      },
      "String" : {
        "memory" : 3197.6,
        "dbHits" : 4654.7,
        "time" : 3.1741999
      }
    }
  },
  "100k" : {
    "Count Leaves" : {
      "VANILLA" : {
        "memory" : 640.0,
        "dbHits" : 483348.0,
        "time" : 1.3332207
      },
      "String" : {
        "memory" : 480.0,
        "dbHits" : 300001.0,
        "time" : 1.0034249999999998
      }
    },
    "Check Same Subtree" : {
      "VANILLA" : {
        "memory" : 7743.2,
        "dbHits" : 36.6,
        "time" : 5.2301208
      },
      "String" : {
        "memory" : 312.0,
        "dbHits" : 0.0,
        "time" : 2.5696123999999996
      }
    },
    "Find all descendants" : {
      "VANILLA" : {
        "memory" : 368.0,
        "dbHits" : 899994.0,
        "time" : 1.0044833
      },
      "String" : {
        "memory" : 312.0,
        "dbHits" : 500001.0,
        "time" : 1.0670166
      }
    },
    "Count Descendants" : {
      "VANILLA" : {
        "memory" : 640.0,
        "dbHits" : 399999.0,
        "time" : 1.3793332
      },
      "String" : {
        "memory" : 480.0,
        "dbHits" : 100001.0,
        "time" : 1.0716332
      }
    },
    "Find all Leaves" : {
      "VANILLA" : {
        "memory" : 368.0,
        "dbHits" : 941718.0,
        "time" : 1.0010373
      },
      "String" : {
        "memory" : 312.0,
        "dbHits" : 666697.0,
        "time" : 0.8860250000000001
      }
    },
    "Get LCA" : {
      "VANILLA" : {
        "memory" : 5649.6,
        "dbHits" : 41.0,
        "time" : 5.3560627
      },
      "String" : {
        "memory" : 6945.6,
        "dbHits" : 6.0,
        "time" : 5.9930376
      }
    },
    "Check if one node is the ancestor of another" : {
      "VANILLA" : {
        "memory" : 9352.0,
        "dbHits" : 24.8,
        "time" : 4.868541800000001
      },