{
  "100" : {
    "Count Leaves" : {
      "Integer (Range)" : {
        "memory" : 2792.0,
        "dbHits" : 302.0,
        "time" : 4.1974668
      },
      "VANILLA" : {
        "memory" : 552.0,
        "dbHits" : 418.0,
        "time" : 3.7853499999999998
      }
    },
    "Check Same Subtree" : {
      "Integer (Range)" : {
        "memory" : 1152.0,
        "dbHits" : 9.0,
        "time" : 11.3828793
      },
      "VANILLA" : {
        "memory" : 7175.2,
        "dbHits" : 33.0,
        "time" : 12.3113708
      }
    },
    "Find all descendants" : {
      "Integer (Range)" : {
        "memory" : 2608.0,
        "dbHits" : 698.0,
        "time" : 4.773083399999999
      },
      "VANILLA" : {
        "memory" : 368.0,
        "dbHits" : 1092.0,
        "time" : 3.9951667
      }
    },
    "Count Descendants" : {
      "Integer (Range)" : {
        "memory" : 2792.0,
        "dbHits" : 104.0,
        "time" : 4.266279200000001
      },
      "VANILLA" : {
        "memory" : 552.0,
        "dbHits" : 399.0,
        "time" : 4.1393169
      }
    },
    "Find all Leaves" : {
      "Integer (Range)" : {
        "memory" : 2624.0,
        "dbHits" : 656.0,
        "time" : 5.013699900000001
      },
      "VANILLA" : {
        "memory" : 368.0,
        "dbHits" : 831.0,
        "time" : 5.347095900000001
      }
    },
    "Get LCA" : {
      "Integer (Range)" : {
        "memory" : 5424.0,
        "dbHits" : 60.4,
        "time" : 12.724541599999998
      },
      "VANILLA" : {
        "memory" : 8700.0,
        "dbHits" : 49.4,
        "time" : 12.119808200000001
      }
    },
    "Check if one node is the ancestor of another" : {
      "Integer (Range)" : {
        "memory" : 312.0,
        "dbHits" : 3.0,
        "time" : 9.477104200000003
      },
      "VANILLA" : {
        "memory" : 9352.0,
        "dbHits" : 24.2,
        "time" : 11.1533044
      }
    },
    "Get all ancestors" : {
      "Integer (Range)" : {
        "memory" : 3160.0,
        "dbHits" : 168.9,
        "time" : 9.971545999999998
      },
      "VANILLA" : {
        "memory" : 353.6,
        "dbHits" : 49.2,
        "time" : 6.2529376
      }
    }
  },
  "1k" : {
    "Count Leaves" : {
      "Integer (Range)" : {
        "memory" : 2792.0,
        "dbHits" : 3002.0,
        "time" : 6.726345900000001
      },
      "VANILLA" : {
        "memory" : 640.0,
        "dbHits" : 4438.0,
        "time" : 5.7301208
      }
    },
    "Check Same Subtree" : {
      "Integer (Range)" : {
        "memory" : 1152.0,
        "dbHits" : 9.0,
        "time" : 12.399875200000002
      },
      "VANILLA" : {
        "memory" : 8164.8,
        "dbHits" : 37.8,
        "time" : 11.8139334
      }
    },
    "Find all descendants" : {
      "Integer (Range)" : {
        "memory" : 2608.0,
        "dbHits" : 6998.0,
        "time" : 5.1140335
      },
      "VANILLA" : {
        "memory" : 368.0,
        "dbHits" : 10992.0,
        "time" : 5.403346
      }
    },
    "Count Descendants" : {
      "Integer (Range)" : {
        "memory" : 2792.0,
        "dbHits" : 1004.0,
        "time" : 5.5008416
      },
      "VANILLA" : {
        "memory" : 640.0,
        "dbHits" : 3999.0,
        "time" : 4.4782916
      }
    },
    "Find all Leaves" : {
      "Integer (Range)" : {
        "memory" : 2624.0,
        "dbHits" : 7316.0,
        "time" : 5.0596209000000005
      },
      "VANILLA" : {
        "memory" : 368.0,
        "dbHits" : 9471.0,
        "time" : 5.644029099999999
      }
    },
    "Get LCA" : {
      "Integer (Range)" : {
        "memory" : 5424.0,
        "dbHits" : 1264.9,
        "time" : 11.729416699999998
      },
      "VANILLA" : {
        "memory" : 6051.2,
        "dbHits" : 46.6,
        "time" : 11.5330167
      }
    },
    "Check if one node is the ancestor of another" : {
      "Integer (Range)" : {
        "memory" : 312.0,
        "dbHits" : 3.6,
        "time" : 7.3981207
      },
      "VANILLA" : {
        "memory" : 9352.0,
        "dbHits" : 27.2,
        "time" : 12.3677876
      }
    },
    "Get all ancestors" : {
      "Integer (Range)" : {
        "memory" : 3160.0,
        "dbHits" : 1390.2,
        "time" : 7.3912165000000005
      },
      "VANILLA" : {
        "memory" : 363.2,
        "dbHits" : 60.2,
        "time" : 9.128233100000001
      }
    }
  },
  "10k" : {
    "Count Leaves" : {
      "Integer (Range)" : {
        "memory" : 2792.0,
        "dbHits" : 30002.0,
        "time" : 17.253958400000005
      },
      "VANILLA" : {
        "memory" : 672.0,
        "dbHits" : 44292.0,
        "time" : 18.329329100000002
      }
    },
    "Check Same Subtree" : {
      "Integer (Range)" : {
        "memory" : 1152.0,
        "dbHits" : 9.0,
        "time" : 26.5863917
      },
      "VANILLA" : {
        "memory" : 10457.6,
        "dbHits" : 48.8,
        "time" : 20.5681708
      }
    },
    "Find all descendants" : {
      "Integer (Range)" : {
        "memory" : 2608.0,
        "dbHits" : 69998.0,
        "time" : 39.25509569999999
      },
      "VANILLA" : {
        "memory" : 416.0,
        "dbHits" : 109992.0,
        "time" : 31.993991700000002
      }
    },
    "Count Descendants" : {
      "Integer (Range)" : {
        "memory" : 2792.0,
        "dbHits" : 10004.0,
        "time" : 6.5742334
      },
      "VANILLA" : {
        "memory" : 672.0,
        "dbHits" : 39999.0,
        "time" : 8.1582794
      }
    },
    "Find all Leaves" : {
      "Integer (Range)" : {
        "memory" : 2624.0,
        "dbHits" : 72878.0,
        "time" : 32.129745799999995
      },
      "VANILLA" : {
        "memory" : 416.0,
        "dbHits" : 94314.0,
        "time" : 25.6195832
      }
    },
    "Get LCA" : {
      "Integer (Range)" : {
        "memory" : 5424.0,
        "dbHits" : 7651.9,
        "time" : 17.471137499999998
      },
      "VANILLA" : {
        "memory" : 7091.2,
        "dbHits" : 54.2,
        "time" : 15.540841700000001
      }
    },
    "Check if one node is the ancestor of another" : {
      "Integer (Range)" : {
        "memory" : 312.0,
        "dbHits" : 3.0,
        "time" : 12.750783300000002
      },
      "VANILLA" : {
        "memory" : 9352.0,
        "dbHits" : 33.0,
        "time" : 18.8236209
      }
    },
    "Get all ancestors" : {
      "Integer (Range)" : {
        "memory" : 3160.0,
        "dbHits" : 13581.0,
        "time" : 13.067362499999998
      },
      "VANILLA" : {
        "memory" : 372.8,
        "dbHits" : 74.5,
        "time" : 10.414258399999998
      }
    }
  },
  "100k" : {
    "Count Leaves" : {
      "Integer (Range)" : {
        "memory" : 17128.0,
        "dbHits" : 300002.0,
        "time" : 23.542349899999998
      },
      "VANILLA" : {
        "memory" : 640.0,
        "dbHits" : 482700.0,
        "time" : 34.58568749999999
      }
    },
    "Check Same Subtree" : {
      "Integer (Range)" : {
        "memory" : 1152.0,
        "dbHits" : 9.0,
        "time" : 13.5222418
      },
      "VANILLA" : {
        "memory" : 7956.4,
        "dbHits" : 37.6,
        "time" : 13.292654099999998
      }
    },
    "Find all descendants" : {
      "Integer (Range)" : {
        "memory" : 16944.0,
        "dbHits" : 699998.0,
        "time" : 233.27402909999995
      },
      "VANILLA" : {
        "memory" : 368.0,
        "dbHits" : 1099992.0,
        "time" : 247.54661679999998
      }
    },
    "Count Descendants" : {
      "Integer (Range)" : {
        "memory" : 17128.0,
        "dbHits" : 100004.0,
        "time" : 12.5571957
      },
      "VANILLA" : {
        "memory" : 640.0,
        "dbHits" : 399999.0,
        "time" : 26.524825
      }
    },
    "Find all Leaves" : {
      "Integer (Range)" : {
        "memory" : 16960.0,
        "dbHits" : 848102.0,
        "time" : 223.4232834
      },
      "VANILLA" : {
        "memory" : 368.0,
        "dbHits" : 1122150.0,
        "time" : 212.0477874
      }
    },