{
  "100" : {
    "Count Leaves" : {
      "VANILLA" : {
        "memory" : 552.0,
        "dbHits" : 406.0,
        "time" : 1.4187959
      },
      "String" : {
        "memory" : 480.0,
        "dbHits" : 301.0,
        "time" : 1.1109168999999999
      }
    },
    "Check Same Subtree" : {
      "VANILLA" : {
        "memory" : 7710.4,
        "dbHits" : 36.0,
        "time" : 7.6762999999999995
      },
      "String" : {
        "memory" : 312.0,
        "dbHits" : 0.0,
        "time" : 3.4988834000000004
      }
    },
    "Find all descendants" : {
      "VANILLA" : {
        "memory" : 368.0,
        "dbHits" : 894.0,
        "time" : 1.1942626
      },
      "String" : {
        "memory" : 312.0,
        "dbHits" : 501.0,
        "time" : 1.0854168999999998
      }
    },
    "Count Descendants" : {
      "VANILLA" : {
        "memory" : 552.0,
        "dbHits" : 399.0,
        "time" : 1.2164833000000002
      },
      "String" : {
        "memory" : 480.0,
        "dbHits" : 101.0,
        "time" : 0.9925626000000001
      }
    },
    "Find all Leaves" : {
      "VANILLA" : {
        "memory" : 368.0,
        "dbHits" : 671.0,
        "time" : 1.7320793
      },
      "String" : {
        "memory" : 312.0,
        "dbHits" : 513.0,
        "time" : 1.0686499999999999
      }
    },
    "Get LCA" : {
      "VANILLA" : {
        "memory" : 8746.4,
        "dbHits" : 49.4,
        "time" : 7.9721542
      },
      "String" : {
        "memory" : 6906.4,
        "dbHits" : 6.0,
        "time" : 8.115579199999999
      }
    },
    "Check if one node is the ancestor of another" : {
      "VANILLA" : {
        "memory" : 9351.2,
        "dbHits" : 22.0,
        "time" : 6.7223749
      },
      "String" : {
        "memory" : 312.0,
        "dbHits" : 0.0,
        "time" : 3.5364670000000005
      }
    },
    "Get all ancestors" : {
      "VANILLA" : {
        "memory" : 358.4,
        "dbHits" : 40.8,
        "time" : 3.3965250999999994
      },
      "String" : {
        "memory" : 3199.2,
        "dbHits" : 72.3,
        "time" : 4.167412400000001
      }
    }
  },
  "1k" : {
    "Count Leaves" : {
      "VANILLA" : {
        "memory" : 672.0,
        "dbHits" : 3994.0,
        "time" : 1.3300291999999998
      },
      "String" : {
        "memory" : 480.0,
        "dbHits" : 3001.0,
        "time" : 1.1831957
      }
    },
    "Check Same Subtree" : {
      "VANILLA" : {
        "memory" : 10386.8,
        "dbHits" : 46.6,
        "time" : 6.629020800000001
      },
      "String" : {
        "memory" : 312.0,
        "dbHits" : 0.0,
        "time" : 2.6148502000000002
      }
    },
    "Find all descendants" : {
      "VANILLA" : {
        "memory" : 416.0,
        "dbHits" : 8994.0,
        "time" : 1.1234081
      },
      "String" : {
        "memory" : 312.0,
        "dbHits" : 5001.0,
        "time" : 0.9901002000000002
      }
    },
    "Count Descendants" : {
      "VANILLA" : {
        "memory" : 672.0,
        "dbHits" : 3999.0,
        "time" : 1.2997916000000003
      },
      "String" : {
        "memory" : 480.0,
        "dbHits" : 1001.0,
        "time" : 0.9866582999999999
      }
    },
    "Find all Leaves" : {
      "VANILLA" : {
        "memory" : 416.0,
        "dbHits" : 6479.0,
        "time" : 1.1080082999999998
      },
      "String" : {
        "memory" : 312.0,
        "dbHits" : 4989.0,
        "time" : 1.2733957
      }
    },
    "Get LCA" : {
      "VANILLA" : {
        "memory" : 8364.4,
        "dbHits" : 60.4,
        "time" : 7.522087399999999
      },
      "String" : {
        "memory" : 7519.2,
        "dbHits" : 6.0,
        "time" : 10.2219082
      }
    },
    "Check if one node is the ancestor of another" : {
      "VANILLA" : {
        "memory" : 9352.0,
        "dbHits" : 36.0,
        "time" : 5.9043126
      },
      "String" : {
        "memory" : 312.0,
        "dbHits" : 0.0,
        "time" : 2.0940000999999997
      }
    },
    "Get all ancestors" : {
      "VANILLA" : {
        "memory" : 387.2,
        "dbHits" : 65.1,
        "time" : 3.6870249999999998
      },
      "String" : {
        "memory" : 3203.2,
        "dbHits" : 391.2,
        "time" : 5.2738499
      }
    }
  },
  "10k" : {
    "Count Leaves" : {
      "VANILLA" : {
        "memory" : 672.0,
        "dbHits" : 40068.0,
        "time" : 4.504516499999999
      },
      "String" : {
        "memory" : 480.0,
        "dbHits" : 30001.0,
        "time" : 3.8995542
      }
    },
    "Check Same Subtree" : {
      "VANILLA" : {
        "memory" : 17849.6,
        "dbHits" : 72.0,
        "time" : 10.2226334
      },
      "String" : {
        "memory" : 312.0,
        "dbHits" : 0.0,
        "time" : 6.3544791
      }
    },
    "Find all descendants" : {
      "VANILLA" : {
        "memory" : 416.0,
        "dbHits" : 89994.0,
        "time" : 2.6253958000000006
      },
      "String" : {
        "memory" : 312.0,
        "dbHits" : 50001.0,
        "time" : 2.0478291
      }
    },
    "Count Descendants" : {
      "VANILLA" : {
        "memory" : 672.0,
        "dbHits" : 39999.0,
        "time" : 2.6431583
      },
      "String" : {
        "memory" : 480.0,
        "dbHits" : 10001.0,
        "time" : 2.1143164
      }
    },
    "Find all Leaves" : {
      "VANILLA" : {
        "memory" : 416.0,
        "dbHits" : 65238.0,
        "time" : 1.9563831
      },
      "String" : {
        "memory" : 312.0,
        "dbHits" : 50137.0,
        "time" : 1.8927211
      }
    },
    "Get LCA" : {
      "VANILLA" : {
        "memory" : 11838.8,
        "dbHits" : 77.4,
        "time" : 8.9154041
      },
      "String" : {
        "memory" : 8238.4,
        "dbHits" : 6.0,
        "time" : 14.9179957
      }
    },
    "Check if one node is the ancestor of another" : {
      "VANILLA" : {
        "memory" : 9352.0,
        "dbHits" : 49.2,
        "time" : 7.9505375
      },
      "String" : {
        "memory" : 312.0,
        "dbHits" : 0.0,
        "time" : 3.5587457999999996
      }
    },
    "Get all ancestors" : {
      "VANILLA" : {
        "memory" : 416.0,
        "dbHits" : 101.1,
        "time" : 5.708975
      },
      "String" : {
        "memory" : 3209.6,
        "dbHits" : 5404.1,
        "time" : 6.9195126
      }
    }
  },
  "100k" : {
    "Count Leaves" : {
      "VANILLA" : {
        "memory" : 672.0,
        "dbHits" : 400450.0,
        "time" : 2.7544211000000005
      },
      "String" : {
        "memory" : 480.0,
        "dbHits" : 300001.0,
        "time" : 2.1085248000000005
      }
    },
    "Check Same Subtree" : {
      "VANILLA" : {
        "memory" : 26196.0,
        "dbHits" : 92.4,
        "time" : 6.156895799999999
      },
      "String" : {
        "memory" : 312.0,
        "dbHits" : 0.0,
        "time" : 3.7141371999999997
      }
    },
    "Find all descendants" : {
      "VANILLA" : {
        "memory" : 416.0,
        "dbHits" : 899994.0,
        "time" : 1.7136707999999998
      },
      "String" : {
        "memory" : 312.0,
        "dbHits" : 500001.0,
        "time" : 1.5974916000000001
      }
    },
    "Count Descendants" : {
      "VANILLA" : {
        "memory" : 672.0,
        "dbHits" : 399999.0,
        "time" : 1.9924747999999997
      },
      "String" : {
        "memory" : 480.0,
        "dbHits" : 100001.0,
        "time" : 1.7869247000000001
      }
    },
    "Find all Leaves" : {
      "VANILLA" : {
        "memory" : 416.0,
        "dbHits" : 651575.0,
        "time" : 1.5871707000000002
      },
      "String" : {
        "memory" : 312.0,
        "dbHits" : 500901.0,
        "time" : 1.4988083
      }
    },
    "Get LCA" : {
      "VANILLA" : {
        "memory" : 15568.8,
        "dbHits" : 96.6,
        "time" : 6.3803249
      },
      "String" : {
        "memory" : 9059.2,
        "dbHits" : 6.0,
        "time" : 8.655750000000001
      }
    },
    "Check if one node is the ancestor of another" : {
      "VANILLA" : {
        "memory" : 9352.0,