{
  "100" : {
    "Count Leaves" : {
      "Integer (Range)" : {
        "memory" : 2792.0,
        "dbHits" : 302.0,
        "time" : 1.4498375
      },
      "VANILLA" : {
        "memory" : 504.0,
        "dbHits" : 460.0,
        "time" : 2.1753500999999997
      }
    },
    "Check Same Subtree" : {
      "Integer (Range)" : {
        "memory" : 1152.0,
        "dbHits" : 9.0,
        "time" : 4.217287400000001
      },
      "VANILLA" : {
        "memory" : 5758.0,
        "dbHits" : 24.2,
        "time" : 3.9684794000000005
      }
    },
    "Find all descendants" : {
      "Integer (Range)" : {
        "memory" : 2608.0,
        "dbHits" : 698.0,
        "time" : 1.2204625000000002
      },
      "VANILLA" : {
        "memory" : 320.0,
        "dbHits" : 1092.0,
        "time" : 1.2998499000000001
      }
    },
    "Count Descendants" : {
      "Integer (Range)" : {
        "memory" : 2792.0,
        "dbHits" : 104.0,
        "time" : 2.6841919
      },
      "VANILLA" : {
        "memory" : 504.0,
        "dbHits" : 399.0,
        "time" : 1.9984457999999996
      }
    },
    "Find all Leaves" : {
      "Integer (Range)" : {
        "memory" : 2624.0,
        "dbHits" : 782.0,
        "time" : 1.0231957999999999
      },
      "VANILLA" : {
        "memory" : 320.0,
        "dbHits" : 1020.0,
        "time" : 1.2643833999999998
      }
    },
    "Get LCA" : {
      "Integer (Range)" : {
        "memory" : 5424.0,
        "dbHits" : 74.2,
        "time" : 4.725070799999999
      },
      "VANILLA" : {
        "memory" : 8498.4,
        "dbHits" : 38.2,
        "time" : 4.3911125
      }
    },
    "Check if one node is the ancestor of another" : {
      "Integer (Range)" : {
        "memory" : 312.0,
        "dbHits" : 3.0,
        "time" : 3.5626584
      },
      "VANILLA" : {
        "memory" : 9352.0,
        "dbHits" : 16.8,
        "time" : 3.8616376000000003
      }
    },
    "Get all ancestors" : {
      "Integer (Range)" : {
        "memory" : 3160.0,
        "dbHits" : 162.9,
        "time" : 2.8792499000000005
      },
      "VANILLA" : {
        "memory" : 320.0,
        "dbHits" : 34.9,
        "time" : 3.1979039
      }
    }
  },
  "1k" : {
    "Count Leaves" : {
      "Integer (Range)" : {
        "memory" : 2792.0,
        "dbHits" : 3002.0,
        "time" : 1.7751251
      },
      "VANILLA" : {
        "memory" : 640.0,
        "dbHits" : 4750.0,
        "time" : 1.106575
      }
    },
    "Check Same Subtree" : {
      "Integer (Range)" : {
        "memory" : 1152.0,
        "dbHits" : 9.0,
        "time" : 4.2037793
      },
      "VANILLA" : {
        "memory" : 6247.2,
        "dbHits" : 27.6,
        "time" : 3.6517501999999995
      }
    },
    "Find all descendants" : {
      "Integer (Range)" : {
        "memory" : 2608.0,
        "dbHits" : 6998.0,
        "time" : 0.7892834
      },
      "VANILLA" : {
        "memory" : 368.0,
        "dbHits" : 10992.0,
        "time" : 0.9224416
      }
    },
    "Count Descendants" : {
      "Integer (Range)" : {
        "memory" : 2792.0,
        "dbHits" : 1004.0,
        "time" : 1.0611084
      },
      "VANILLA" : {
        "memory" : 640.0,
        "dbHits" : 3999.0,
        "time" : 0.991775
      }
    },
    "Find all Leaves" : {
      "Integer (Range)" : {
        "memory" : 2624.0,
        "dbHits" : 8252.0,
        "time" : 0.8546001999999999
      },
      "VANILLA" : {
        "memory" : 368.0,
        "dbHits" : 10875.0,
        "time" : 0.9738624999999999
      }
    },
    "Get LCA" : {
      "Integer (Range)" : {
        "memory" : 5424.0,
        "dbHits" : 1380.7,
        "time" : 4.937183299999999
      },
      "VANILLA" : {
        "memory" : 4894.4,
        "dbHits" : 34.8,
        "time" : 4.165654399999999
      }
    },
    "Check if one node is the ancestor of another" : {
      "Integer (Range)" : {
        "memory" : 312.0,
        "dbHits" : 3.6,
        "time" : 3.7660499
      },
      "VANILLA" : {
        "memory" : 9352.0,
        "dbHits" : 18.8,
        "time" : 3.8394875999999996
      }
    },
    "Get all ancestors" : {
      "Integer (Range)" : {
        "memory" : 3160.0,
        "dbHits" : 1377.6,
        "time" : 2.5984000000000003
      },
      "VANILLA" : {
        "memory" : 344.0,
        "dbHits" : 41.5,
        "time" : 2.5217917
      }
    }
  },
  "10k" : {
    "Count Leaves" : {
      "Integer (Range)" : {
        "memory" : 2792.0,
        "dbHits" : 30002.0,
        "time" : 1.0190917
      },
      "VANILLA" : {
        "memory" : 640.0,
        "dbHits" : 48000.0,
        "time" : 1.3920331
      }
    },
    "Check Same Subtree" : {
      "Integer (Range)" : {
        "memory" : 1152.0,
        "dbHits" : 9.0,
        "time" : 4.1721667
      },
      "VANILLA" : {
        "memory" : 6587.2,
        "dbHits" : 29.4,
        "time" : 4.2915294
      }
    },
    "Find all descendants" : {
      "Integer (Range)" : {
        "memory" : 2608.0,
        "dbHits" : 69998.0,
        "time" : 0.7363252000000001
      },
      "VANILLA" : {
        "memory" : 368.0,
        "dbHits" : 109992.0,
        "time" : 0.9274916
      }
    },
    "Count Descendants" : {
      "Integer (Range)" : {
        "memory" : 2792.0,
        "dbHits" : 10004.0,
        "time" : 0.7682875
      },
      "VANILLA" : {
        "memory" : 640.0,
        "dbHits" : 39999.0,
        "time" : 0.8786289999999999
      }
    },
    "Find all Leaves" : {
      "Integer (Range)" : {
        "memory" : 2624.0,
        "dbHits" : 84002.0,
        "time" : 0.827583
      },
      "VANILLA" : {
        "memory" : 368.0,
        "dbHits" : 111000.0,
        "time" : 0.9352165000000001
      }
    },
    "Get LCA" : {
      "Integer (Range)" : {
        "memory" : 5424.0,
        "dbHits" : 7047.7,
        "time" : 5.3568207999999995
      },
      "VANILLA" : {
        "memory" : 5199.2,
        "dbHits" : 37.6,
        "time" : 4.791116799999999
      }
    },
    "Check if one node is the ancestor of another" : {
      "Integer (Range)" : {
        "memory" : 312.0,
        "dbHits" : 3.0,
        "time" : 4.0630831999999995
      },
      "VANILLA" : {
        "memory" : 9352.0,
        "dbHits" : 21.8,
        "time" : 4.3402582999999995
      }
    },
    "Get all ancestors" : {
      "Integer (Range)" : {
        "memory" : 3160.0,
        "dbHits" : 13563.6,
        "time" : 2.8029164
      },
      "VANILLA" : {
        "memory" : 363.2,
        "dbHits" : 45.9,
        "time" : 2.6621375
      }
    }
  },
  "100k" : {
    "Count Leaves" : {
      "Integer (Range)" : {
        "memory" : 17128.0,
        "dbHits" : 300002.0,
        "time" : 1.7174459
      },
      "VANILLA" : {
        "memory" : 640.0,
        "dbHits" : 483348.0,
        "time" : 1.1831251
      }
    },
    "Check Same Subtree" : {
      "Integer (Range)" : {
        "memory" : 1152.0,
        "dbHits" : 9.0,
        "time" : 4.736529299999999
      },
      "VANILLA" : {
        "memory" : 7700.8,
        "dbHits" : 36.4,
        "time" : 4.1818126
      }
    },
    "Find all descendants" : {
      "Integer (Range)" : {
        "memory" : 16944.0,
        "dbHits" : 699998.0,
        "time" : 0.8008501000000001
      },
      "VANILLA" : {
        "memory" : 368.0,
        "dbHits" : 1099992.0,
        "time" : 0.8570998999999999
      }
    },
    "Count Descendants" : {
      "Integer (Range)" : {
        "memory" : 17128.0,
        "dbHits" : 100004.0,
        "time" : 0.933829
      },
      "VANILLA" : {
        "memory" : 640.0,
        "dbHits" : 399999.0,
        "time" : 1.1828876
      }
    },
    "Find all Leaves" : {
      "Integer (Range)" : {
        "memory" : 16960.0,
        "dbHits" : 850046.0,
        "time" : 0.8266041999999999
      },
      "VANILLA" : {
        "memory" : 368.0,
        "dbHits" : 1125066.0,
        "time" : 0.8800501000000001
      }
    },
    "Get LCA" : {
      "Integer (Range)" : {
        "memory" : 37680.0,