{
  "100" : {
    "Count Leaves" : {
      "Integer (Range)" : {
        "memory" : 2792.0,
        "dbHits" : 302.0,
        "time" : 1.5047125
      },
      "VANILLA" : {
        "memory" : 552.0,
        "dbHits" : 406.0,
        "time" : 1.0498791
      }
    },
    "Check Same Subtree" : {
      "Integer (Range)" : {
        "memory" : 1152.0,
        "dbHits" : 9.0,
        "time" : 4.5982416
      },
      "VANILLA" : {
        "memory" : 7490.8,
        "dbHits" : 35.0,
        "time" : 4.147958300000001
      }
    },
    "Find all descendants" : {
      "Integer (Range)" : {
        "memory" : 2608.0,
        "dbHits" : 698.0,
        "time" : 1.2753041999999999
      },
      "VANILLA" : {
        "memory" : 368.0,
        "dbHits" : 1092.0,
        "time" : 1.0040126999999999
      }
    },
    "Count Descendants" : {
      "Integer (Range)" : {
        "memory" : 2792.0,
        "dbHits" : 104.0,
        "time" : 0.8333375000000001
      },
      "VANILLA" : {
        "memory" : 552.0,
        "dbHits" : 399.0,
        "time" : 1.1239372
      }
    },
    "Find all Leaves" : {
      "Integer (Range)" : {
        "memory" : 2624.0,
        "dbHits" : 620.0,
        "time" : 1.0322333000000001
      },
      "VANILLA" : {
        "memory" : 368.0,
        "dbHits" : 777.0,
        "time" : 1.4755499
      }
    },
    "Get LCA" : {
      "Integer (Range)" : {
        "memory" : 5424.0,
        "dbHits" : 65.8,
        "time" : 5.3460377
      },
      "VANILLA" : {
        "memory" : 8720.0,
        "dbHits" : 50.6,
        "time" : 4.537075
      }
    },
    "Check if one node is the ancestor of another" : {
      "Integer (Range)" : {
        "memory" : 312.0,
        "dbHits" : 3.0,
        "time" : 4.5929666000000005
      },
      "VANILLA" : {
        "memory" : 9352.0,
        "dbHits" : 24.0,
        "time" : 4.3869959000000005
      }
    },
    "Get all ancestors" : {
      "Integer (Range)" : {
        "memory" : 3160.0,
        "dbHits" : 175.5,
        "time" : 3.0746663999999995
      },
      "VANILLA" : {
        "memory" : 363.2,
        "dbHits" : 52.5,
        "time" : 2.9399457
      }
    }
  },
  "1k" : {
    "Count Leaves" : {
      "Integer (Range)" : {
        "memory" : 2792.0,
        "dbHits" : 3002.0,
        "time" : 1.2397084
      },
      "VANILLA" : {
        "memory" : 672.0,
        "dbHits" : 3994.0,
        "time" : 0.9776206999999999
      }
    },
    "Check Same Subtree" : {
      "Integer (Range)" : {
        "memory" : 1152.0,
        "dbHits" : 9.0,
        "time" : 4.7224123
      },
      "VANILLA" : {
        "memory" : 11280.4,
        "dbHits" : 50.8,
        "time" : 4.5816626
      }
    },
    "Find all descendants" : {
      "Integer (Range)" : {
        "memory" : 2608.0,
        "dbHits" : 6998.0,
        "time" : 0.7817748000000001
      },
      "VANILLA" : {
        "memory" : 416.0,
        "dbHits" : 10992.0,
        "time" : 0.8634249
      }
    },
    "Count Descendants" : {
      "Integer (Range)" : {
        "memory" : 2792.0,
        "dbHits" : 1004.0,
        "time" : 0.9996
      },
      "VANILLA" : {
        "memory" : 672.0,
        "dbHits" : 3999.0,
        "time" : 1.5407416999999997
      }
    },
    "Find all Leaves" : {
      "Integer (Range)" : {
        "memory" : 2624.0,
        "dbHits" : 5984.0,
        "time" : 0.8525750000000001
      },
      "VANILLA" : {
        "memory" : 416.0,
        "dbHits" : 7473.0,
        "time" : 0.9068456999999999
      }
    },
    "Get LCA" : {
      "Integer (Range)" : {
        "memory" : 5424.0,
        "dbHits" : 592.9,
        "time" : 5.0361123999999995
      },
      "VANILLA" : {
        "memory" : 7881.2,
        "dbHits" : 59.4,
        "time" : 4.755633400000001
      }
    },
    "Check if one node is the ancestor of another" : {
      "Integer (Range)" : {
        "memory" : 312.0,
        "dbHits" : 3.6,
        "time" : 3.8517501000000003
      },
      "VANILLA" : {
        "memory" : 9352.0,
        "dbHits" : 36.6,
        "time" : 4.398504300000001
      }
    },
    "Get all ancestors" : {
      "Integer (Range)" : {
        "memory" : 3160.0,
        "dbHits" : 1402.2,
        "time" : 3.1564916999999997
      },
      "VANILLA" : {
        "memory" : 401.6,
        "dbHits" : 88.8,
        "time" : 2.9381918
      }
    }
  },
  "10k" : {
    "Count Leaves" : {
      "Integer (Range)" : {
        "memory" : 2792.0,
        "dbHits" : 30002.0,
        "time" : 1.2631293000000001
      },
      "VANILLA" : {
        "memory" : 672.0,
        "dbHits" : 40068.0,
        "time" : 1.966125
      }
    },
    "Check Same Subtree" : {
      "Integer (Range)" : {
        "memory" : 1152.0,
        "dbHits" : 9.0,
        "time" : 4.9113915
      },
      "VANILLA" : {
        "memory" : 18630.0,
        "dbHits" : 73.8,
        "time" : 4.4985667
      }
    },
    "Find all descendants" : {
      "Integer (Range)" : {
        "memory" : 2608.0,
        "dbHits" : 69998.0,
        "time" : 0.9249709999999999
      },
      "VANILLA" : {
        "memory" : 416.0,
        "dbHits" : 109992.0,
        "time" : 0.9508873999999998
      }
    },
    "Count Descendants" : {
      "Integer (Range)" : {
        "memory" : 2792.0,
        "dbHits" : 10004.0,
        "time" : 1.0074166
      },
      "VANILLA" : {
        "memory" : 672.0,
        "dbHits" : 39999.0,
        "time" : 1.2516831
      }
    },
    "Find all Leaves" : {
      "Integer (Range)" : {
        "memory" : 2624.0,
        "dbHits" : 60206.0,
        "time" : 0.9343374000000001
      },
      "VANILLA" : {
        "memory" : 416.0,
        "dbHits" : 75306.0,
        "time" : 0.9144373000000001
      }
    },
    "Get LCA" : {
      "Integer (Range)" : {
        "memory" : 5424.0,
        "dbHits" : 3595.6,
        "time" : 5.5269999
      },
      "VANILLA" : {
        "memory" : 12204.0,
        "dbHits" : 79.8,
        "time" : 5.5068458
      }
    },
    "Check if one node is the ancestor of another" : {
      "Integer (Range)" : {
        "memory" : 312.0,
        "dbHits" : 3.0,
        "time" : 4.260741599999999
      },
      "VANILLA" : {
        "memory" : 9352.0,
        "dbHits" : 48.0,
        "time" : 4.8148666
      }
    },
    "Get all ancestors" : {
      "Integer (Range)" : {
        "memory" : 3160.0,
        "dbHits" : 13606.2,
        "time" : 3.3625833999999997
      },
      "VANILLA" : {
        "memory" : 416.0,
        "dbHits" : 124.0,
        "time" : 3.0259334000000004
      }
    }
  },
  "100k" : {
    "Count Leaves" : {
      "Integer (Range)" : {
        "memory" : 17128.0,
        "dbHits" : 300002.0,
        "time" : 1.7999664
      },
      "VANILLA" : {
        "memory" : 672.0,
        "dbHits" : 400450.0,
        "time" : 1.4849
      }
    },
    "Check Same Subtree" : {
      "Integer (Range)" : {
        "memory" : 1152.0,
        "dbHits" : 9.0,
        "time" : 4.7112624
      },
      "VANILLA" : {
        "memory" : 24705.2,
        "dbHits" : 87.4,
        "time" : 4.312458299999999
      }
    },
    "Find all descendants" : {
      "Integer (Range)" : {
        "memory" : 16944.0,
        "dbHits" : 699998.0,
        "time" : 0.9281917
      },
      "VANILLA" : {
        "memory" : 416.0,
        "dbHits" : 1099992.0,
        "time" : 0.9688126
      }
    },
    "Count Descendants" : {
      "Integer (Range)" : {
        "memory" : 17128.0,
        "dbHits" : 100004.0,
        "time" : 0.9524665999999999
      },
      "VANILLA" : {
        "memory" : 672.0,
        "dbHits" : 399999.0,
        "time" : 1.2799666000000003
      }
    },
    "Find all Leaves" : {
      "Integer (Range)" : {
        "memory" : 16960.0,
        "dbHits" : 601352.0,
        "time" : 0.9304124000000001
      },
      "VANILLA" : {
        "memory" : 416.0,
        "dbHits" : 752025.0,
        "time" : 1.0158293999999999
      }
    },
    "Get LCA" : {
      "Integer (Range)" : {
        "memory" : 37680.0,