{
  "100" : {
    "Count Leaves" : {
      "VANILLA" : {
        "memory" : 552.0,
        "dbHits" : 406.0,
        "time" : 1.8942584
      },
      "String" : {
        "memory" : 480.0,
        "dbHits" : 301.0,
        "time" : 2.0428124999999997
      }
    },
    "Check Same Subtree" : {
      "VANILLA" : {
        "memory" : 7710.4,
        "dbHits" : 36.0,
        "time" : 8.3665124
      },
      "String" : {
        "memory" : 312.0,
        "dbHits" : 0.0,
        "time" : 3.4570167999999994
      }
    },
    "Find all descendants" : {
      "VANILLA" : {
        "memory" : 368.0,
        "dbHits" : 894.0,
        "time" : 2.281275
      },
      "String" : {
        "memory" : 312.0,
        "dbHits" : 501.0,
        "time" : 1.4323208
      }
    },
    "Count Descendants" : {
      "VANILLA" : {
        "memory" : 552.0,
        "dbHits" : 399.0,
        "time" : 1.7742539999999998
      },
      "String" : {
        "memory" : 480.0,
        "dbHits" : 101.0,
        "time" : 1.5378585
      }
    },
    "Find all Leaves" : {
      "VANILLA" : {
        "memory" : 368.0,
        "dbHits" : 671.0,
        "time" : 2.4844751
      },
      "String" : {
        "memory" : 312.0,
        "dbHits" : 513.0,
        "time" : 1.6695752
      }
    },
    "Get LCA" : {
      "VANILLA" : {
        "memory" : 8746.4,
        "dbHits" : 49.4,
        "time" : 8.9501709
      },
      "String" : {
        "memory" : 6906.4,
        "dbHits" : 6.0,
        "time" : 8.450995800000001
      }
    },
    "Check if one node is the ancestor of another" : {
      "VANILLA" : {
        "memory" : 9351.2,
        "dbHits" : 22.0,
        "time" : 7.861
      },
      "String" : {
        "memory" : 312.0,
        "dbHits" : 0.0,
        "time" : 2.6410082
      }
    },
    "Get all ancestors" : {
      "VANILLA" : {
        "memory" : 358.4,
        "dbHits" : 40.8,
        "time" : 3.9789665
      },
      "String" : {
        "memory" : 3199.2,
        "dbHits" : 72.3,
        "time" : 4.8074084
      }
    }
  },
  "1k" : {
    "Count Leaves" : {
      "VANILLA" : {
        "memory" : 672.0,
        "dbHits" : 3994.0,
        "time" : 2.6253083999999993
      },
      "String" : {
        "memory" : 480.0,
        "dbHits" : 3001.0,
        "time" : 2.1164167000000003
      }
    },
    "Check Same Subtree" : {
      "VANILLA" : {
        "memory" : 10386.8,
        "dbHits" : 46.6,
        "time" : 8.0378458
      },
      "String" : {
        "memory" : 312.0,
        "dbHits" : 0.0,
        "time" : 3.1739375
      }
    },
    "Find all descendants" : {
      "VANILLA" : {
        "memory" : 416.0,
        "dbHits" : 8994.0,
        "time" : 3.9136957999999993
      },
      "String" : {
        "memory" : 312.0,
        "dbHits" : 5001.0,
        "time" : 3.4609752
      }
    },
    "Count Descendants" : {
      "VANILLA" : {
        "memory" : 672.0,
        "dbHits" : 3999.0,
        "time" : 2.4861750000000002
      },
      "String" : {
        "memory" : 480.0,
        "dbHits" : 1001.0,
        "time" : 1.7634084
      }
    },
    "Find all Leaves" : {
      "VANILLA" : {
        "memory" : 416.0,
        "dbHits" : 6479.0,
        "time" : 3.4752085
      },
      "String" : {
        "memory" : 312.0,
        "dbHits" : 4989.0,
        "time" : 3.0031539999999994
      }
    },
    "Get LCA" : {
      "VANILLA" : {
        "memory" : 8364.4,
        "dbHits" : 60.4,
        "time" : 8.334800099999999
      },
      "String" : {
        "memory" : 7519.2,
        "dbHits" : 6.0,
        "time" : 10.536691799999998
      }
    },
    "Check if one node is the ancestor of another" : {
      "VANILLA" : {
        "memory" : 9352.0,
        "dbHits" : 36.0,
        "time" : 6.583300000000001
      },
      "String" : {
        "memory" : 312.0,
        "dbHits" : 0.0,
        "time" : 2.435829
      }
    },
    "Get all ancestors" : {
      "VANILLA" : {
        "memory" : 387.2,
        "dbHits" : 65.1,
        "time" : 4.088279299999999
      },
      "String" : {
        "memory" : 3203.2,
        "dbHits" : 391.2,
        "time" : 4.723366700000001
      }
    }
  },
  "10k" : {
    "Count Leaves" : {
      "VANILLA" : {
        "memory" : 672.0,
        "dbHits" : 40068.0,
        "time" : 7.731883399999999
      },
      "String" : {
        "memory" : 480.0,
        "dbHits" : 30001.0,
        "time" : 5.271241600000001
      }
    },
    "Check Same Subtree" : {
      "VANILLA" : {
        "memory" : 17849.6,
        "dbHits" : 72.0,
        "time" : 7.7534041
      },
      "String" : {
        "memory" : 312.0,
        "dbHits" : 0.0,
        "time" : 4.3389126000000005
      }
    },
    "Find all descendants" : {
      "VANILLA" : {
        "memory" : 416.0,
        "dbHits" : 89994.0,
        "time" : 24.808024999999997
      },
      "String" : {
        "memory" : 312.0,
        "dbHits" : 50001.0,
        "time" : 23.6112084
      }
    },
    "Count Descendants" : {
      "VANILLA" : {
        "memory" : 672.0,
        "dbHits" : 39999.0,
        "time" : 5.067071
      },
      "String" : {
        "memory" : 480.0,
        "dbHits" : 10001.0,
        "time" : 3.2197665
      }
    },
    "Find all Leaves" : {
      "VANILLA" : {
        "memory" : 416.0,
        "dbHits" : 65238.0,
        "time" : 16.0086583
      },
      "String" : {
        "memory" : 312.0,
        "dbHits" : 50137.0,
        "time" : 15.888145900000001
      }
    },
    "Get LCA" : {
      "VANILLA" : {
        "memory" : 11838.8,
        "dbHits" : 77.4,
        "time" : 7.671754
      },
      "String" : {
        "memory" : 8238.4,
        "dbHits" : 6.0,
        "time" : 11.0660791
      }
    },
    "Check if one node is the ancestor of another" : {
      "VANILLA" : {
        "memory" : 9352.0,
        "dbHits" : 49.2,
        "time" : 7.1481876
      },
      "String" : {
        "memory" : 312.0,
        "dbHits" : 0.0,
        "time" : 3.2078541
      }
    },
    "Get all ancestors" : {
      "VANILLA" : {
        "memory" : 416.0,
        "dbHits" : 101.1,
        "time" : 5.226045999999999
      },
      "String" : {
        "memory" : 3209.6,
        "dbHits" : 5404.1,
        "time" : 8.4361876
      }
    }
  },
  "100k" : {
    "Count Leaves" : {
      "VANILLA" : {
        "memory" : 672.0,
        "dbHits" : 400450.0,
        "time" : 32.486829099999994
      },
      "String" : {
        "memory" : 480.0,
        "dbHits" : 300001.0,
        "time" : 21.709279000000002
      }
    },
    "Check Same Subtree" : {
      "VANILLA" : {
        "memory" : 26196.0,
        "dbHits" : 92.4,
        "time" : 6.9559957
      },
      "String" : {
        "memory" : 312.0,
        "dbHits" : 0.0,
        "time" : 9.439366600000001
      }
    },
    "Find all descendants" : {
      "VANILLA" : {
        "memory" : 416.0,
        "dbHits" : 899994.0,
        "time" : 217.4410125
      },
      "String" : {
        "memory" : 312.0,
        "dbHits" : 500001.0,
        "time" : 197.878075
      }
    },
    "Count Descendants" : {
      "VANILLA" : {
        "memory" : 672.0,
        "dbHits" : 399999.0,
        "time" : 24.4608792
      },
      "String" : {
        "memory" : 480.0,
        "dbHits" : 100001.0,
        "time" : 9.348704
      }
    },
    "Find all Leaves" : {
      "VANILLA" : {
        "memory" : 416.0,
        "dbHits" : 651575.0,
        "time" : 116.37049989999998
      },
      "String" : {
        "memory" : 312.0,
        "dbHits" : 500901.0,
        "time" : 109.3859666
      }
    },
    "Get LCA" : {
      "VANILLA" : {
        "memory" : 15568.8,
        "dbHits" : 96.6,
        "time" : 7.5371292
      },
      "String" : {
        "memory" : 9059.2,
        "dbHits" : 6.0,
        "time" : 14.951737400000003
      }
    },
    "Check if one node is the ancestor of another" : {
      "VANILLA" : {
        "memory" : 9352.0,
        "dbHits" : 61.6,
        "time" : 8.8596334
      },