{
  "100" : {
    "Count Leaves" : {
      "Integer (Range)" : {
        "memory" : 5816.0,
        "dbHits" : 722.0,
        "time" : 3.4620044
      },
      "VANILLA" : {
        "memory" : 552.0,
        "dbHits" : 717.0,
        "time" : 2.8459289
      }
    },
    "Check Same Subtree" : {
      "Integer (Range)" : {
        "memory" : 6424.0,
        "dbHits" : 644.0,
        "time" : 8.282641899999998
      },
      "VANILLA" : {
        "memory" : 7175.2,
        "dbHits" : 631.0,
        "time" : 8.4486085
      }
    },
    "Find all descendants" : {
      "Integer (Range)" : {
        "memory" : 7912.0,
        "dbHits" : 1198.0,
        "time" : 3.3653750000000002
      },
      "VANILLA" : {
        "memory" : 384.0,
        "dbHits" : 1391.0,
        "time" : 2.9228916
      }
    },
    "Count Descendants" : {
      "Integer (Range)" : {
        "memory" : 8112.0,
        "dbHits" : 604.0,
        "time" : 3.0644289999999996
      },
      "VANILLA" : {
        "memory" : 552.0,
        "dbHits" : 698.0,
        "time" : 3.6925956999999996
      }
    },
    "Find all Leaves" : {
      "Integer (Range)" : {
        "memory" : 5648.0,
        "dbHits" : 1076.0,
        "time" : 3.070529
      },
      "VANILLA" : {
        "memory" : 384.0,
        "dbHits" : 1130.0,
        "time" : 2.6227541000000003
      }
    },
    "Get LCA" : {
      "Integer (Range)" : {
        "memory" : 55392.0,
        "dbHits" : 961.6,
        "time" : 8.8458249
      },
      "VANILLA" : {
        "memory" : 1748.8,
        "dbHits" : 652.7,
        "time" : 8.4496583
      }
    },
    "Check if one node is the ancestor of another" : {
      "Integer (Range)" : {
        "memory" : 2432.0,
        "dbHits" : 606.0,
        "time" : 7.077170700000001
      },
      "VANILLA" : {
        "memory" : 12160.0,
        "dbHits" : 622.2,
        "time" : 8.1180707
      }
    },
    "Get all ancestors" : {
      "Integer (Range)" : {
        "memory" : 10712.0,
        "dbHits" : 721.0,
        "time" : 5.162645700000001
      },
      "VANILLA" : {
        "memory" : 369.6,
        "dbHits" : 348.2,
        "time" : 4.346895999999999
      }
    }
  },
  "1k" : {
    "Count Leaves" : {
      "Integer (Range)" : {
        "memory" : 49944.0,
        "dbHits" : 7442.0,
        "time" : 5.8381126
      },
      "VANILLA" : {
        "memory" : 640.0,
        "dbHits" : 7447.0,
        "time" : 3.8816499000000015
      }
    },
    "Check Same Subtree" : {
      "Integer (Range)" : {
        "memory" : 20740.8,
        "dbHits" : 6044.0,
        "time" : 14.5109666
      },
      "VANILLA" : {
        "memory" : 8164.8,
        "dbHits" : 6035.8,
        "time" : 6.9044168
      }
    },
    "Find all descendants" : {
      "Integer (Range)" : {
        "memory" : 65480.0,
        "dbHits" : 11998.0,
        "time" : 4.8043584
      },
      "VANILLA" : {
        "memory" : 384.0,
        "dbHits" : 13991.0,
        "time" : 5.0283543
      }
    },
    "Count Descendants" : {
      "Integer (Range)" : {
        "memory" : 65680.0,
        "dbHits" : 6004.0,
        "time" : 4.786300000000001
      },
      "VANILLA" : {
        "memory" : 640.0,
        "dbHits" : 7012.0,
        "time" : 3.5270086
      }
    },
    "Find all Leaves" : {
      "Integer (Range)" : {
        "memory" : 49776.0,
        "dbHits" : 11756.0,
        "time" : 5.2940792000000005
      },
      "VANILLA" : {
        "memory" : 384.0,
        "dbHits" : 12470.0,
        "time" : 4.451579100000001
      }
    },
    "Get LCA" : {
      "Integer (Range)" : {
        "memory" : 55392.0,
        "dbHits" : 9613.6,
        "time" : 10.709433299999999
      },
      "VANILLA" : {
        "memory" : 1806.4,
        "dbHits" : 4628.4,
        "time" : 7.3416872
      }
    },
    "Check if one node is the ancestor of another" : {
      "Integer (Range)" : {
        "memory" : 9600.0,
        "dbHits" : 6006.0,
        "time" : 7.3565041
      },
      "VANILLA" : {
        "memory" : 76672.0,
        "dbHits" : 6025.2,
        "time" : 7.2737581
      }
    },
    "Get all ancestors" : {
      "Integer (Range)" : {
        "memory" : 93480.0,
        "dbHits" : 7028.5,
        "time" : 6.000933599999999
      },
      "VANILLA" : {
        "memory" : 379.2,
        "dbHits" : 3059.2,
        "time" : 4.470387499999999
      }
    }
  },
  "10k" : {
    "Count Leaves" : {
      "Integer (Range)" : {
        "memory" : 67200.0,
        "dbHits" : 74296.0,
        "time" : 18.3937001
      },
      "VANILLA" : {
        "memory" : 672.0,
        "dbHits" : 74303.0,
        "time" : 12.2653584
      }
    },
    "Check Same Subtree" : {
      "Integer (Range)" : {
        "memory" : 20750.4,
        "dbHits" : 60044.0,
        "time" : 13.739954000000001
      },
      "VANILLA" : {
        "memory" : 28377.6,
        "dbHits" : 60046.8,
        "time" : 14.0398209
      }
    },
    "Find all descendants" : {
      "Integer (Range)" : {
        "memory" : 67000.0,
        "dbHits" : 119998.0,
        "time" : 41.243091699999994
      },
      "VANILLA" : {
        "memory" : 432.0,
        "dbHits" : 140009.0,
        "time" : 29.126608500000003
      }
    },
    "Count Descendants" : {
      "Integer (Range)" : {
        "memory" : 67200.0,
        "dbHits" : 60004.0,
        "time" : 11.014583499999999
      },
      "VANILLA" : {
        "memory" : 672.0,
        "dbHits" : 70016.0,
        "time" : 7.982220899999999
      }
    },
    "Find all Leaves" : {
      "Integer (Range)" : {
        "memory" : 67032.0,
        "dbHits" : 117172.0,
        "time" : 29.590016699999996
      },
      "VANILLA" : {
        "memory" : 432.0,
        "dbHits" : 124327.0,
        "time" : 22.147583100000002
      }
    },
    "Get LCA" : {
      "Integer (Range)" : {
        "memory" : 55392.0,
        "dbHits" : 96018.6,
        "time" : 16.2481833
      },
      "VANILLA" : {
        "memory" : 1907.2,
        "dbHits" : 58944.1,
        "time" : 14.1738375
      }
    },
    "Check if one node is the ancestor of another" : {
      "Integer (Range)" : {
        "memory" : 9600.0,
        "dbHits" : 60006.0,
        "time" : 12.4820459
      },
      "VANILLA" : {
        "memory" : 76672.0,
        "dbHits" : 60031.0,
        "time" : 13.3670501
      }
    },
    "Get all ancestors" : {
      "Integer (Range)" : {
        "memory" : 95672.0,
        "dbHits" : 70035.5,
        "time" : 12.961337400000001
      },
      "VANILLA" : {
        "memory" : 388.8,
        "dbHits" : 30073.5,
        "time" : 9.3306292
      }
    }
  },
  "100k" : {
    "Count Leaves" : {
      "Integer (Range)" : {
        "memory" : 67200.0,
        "dbHits" : 782704.0,
        "time" : 55.27325420000001
      },
      "VANILLA" : {
        "memory" : 640.0,
        "dbHits" : 782877.0,
        "time" : 46.629925199999995
      }
    },
    "Check Same Subtree" : {
      "Integer (Range)" : {
        "memory" : 20760.0,
        "dbHits" : 600084.0,
        "time" : 36.5717792
      },
      "VANILLA" : {
        "memory" : 25876.4,
        "dbHits" : 600035.6,
        "time" : 34.392225
      }
    },
    "Find all descendants" : {
      "Integer (Range)" : {
        "memory" : 67000.0,
        "dbHits" : 1199998.0,
        "time" : 231.16943320000001
      },
      "VANILLA" : {
        "memory" : 384.0,
        "dbHits" : 1400189.0,
        "time" : 231.5208209
      }
    },
    "Count Descendants" : {
      "Integer (Range)" : {
        "memory" : 67200.0,
        "dbHits" : 600004.0,
        "time" : 46.225433300000006
      },
      "VANILLA" : {
        "memory" : 640.0,
        "dbHits" : 700192.0,
        "time" : 35.216837600000005
      }
    },
    "Find all Leaves" : {
      "Integer (Range)" : {
        "memory" : 67032.0,
        "dbHits" : 1330804.0,
        "time" : 225.19526669999996
      },
      "VANILLA" : {
        "memory" : 384.0,
        "dbHits" : 1422331.0,