{
  "100" : {
    "Count Leaves" : {
      "Integer (Range)" : {
        "memory" : 5816.0,
        "dbHits" : 722.0,
        "time" : 2.9547290999999998
      },
      "VANILLA" : {
        "memory" : 552.0,
        "dbHits" : 717.0,
        "time" : 2.3382501
      }
    },
    "Check Same Subtree" : {
      "Integer (Range)" : {
        "memory" : 6424.0,
        "dbHits" : 644.0,
        "time" : 8.667679199999998
      },
      "VANILLA" : {
        "memory" : 7175.2,
        "dbHits" : 631.0,
        "time" : 6.725454400000001
      }
    },
    "Find all descendants" : {
      "Integer (Range)" : {
        "memory" : 7912.0,
        "dbHits" : 1198.0,
        "time" : 3.4893749
      },
      "VANILLA" : {
        "memory" : 384.0,
        "dbHits" : 1391.0,
        "time" : 2.1371916000000004
      }
    },
    "Count Descendants" : {
      "Integer (Range)" : {
        "memory" : 8112.0,
        "dbHits" : 604.0,
        "time" : 2.6464124999999994
      },
      "VANILLA" : {
        "memory" : 552.0,
        "dbHits" : 698.0,
        "time" : 2.1850666999999993
      }
    },
    "Find all Leaves" : {
      "Integer (Range)" : {
        "memory" : 5648.0,
        "dbHits" : 1076.0,
        "time" : 3.0606042
      },
      "VANILLA" : {
        "memory" : 384.0,
        "dbHits" : 1130.0,
        "time" : 2.7709499999999996
      }
    },
    "Get LCA" : {
      "Integer (Range)" : {
        "memory" : 55392.0,
        "dbHits" : 961.6,
        "time" : 10.7775458
      },
      "VANILLA" : {
        "memory" : 1748.8,
        "dbHits" : 652.7,
        "time" : 7.567433400000001
      }
    },
    "Check if one node is the ancestor of another" : {
      "Integer (Range)" : {
        "memory" : 2432.0,
        "dbHits" : 606.0,
        "time" : 7.135946
      },
      "VANILLA" : {
        "memory" : 12160.0,
        "dbHits" : 622.2,
        "time" : 7.656250099999999
      }
    },
    "Get all ancestors" : {
      "Integer (Range)" : {
        "memory" : 10712.0,
        "dbHits" : 721.0,
        "time" : 6.908670600000001
      },
      "VANILLA" : {
        "memory" : 369.6,
        "dbHits" : 348.2,
        "time" : 4.4965459
      }
    }
  },
  "1k" : {
    "Count Leaves" : {
      "Integer (Range)" : {
        "memory" : 49944.0,
        "dbHits" : 7442.0,
        "time" : 4.156058
      },
      "VANILLA" : {
        "memory" : 640.0,
        "dbHits" : 7447.0,
        "time" : 3.1384125000000003
      }
    },
    "Check Same Subtree" : {
      "Integer (Range)" : {
        "memory" : 20740.8,
        "dbHits" : 6044.0,
        "time" : 8.8158668
      },
      "VANILLA" : {
        "memory" : 8164.8,
        "dbHits" : 6035.8,
        "time" : 6.930870799999999
      }
    },
    "Find all descendants" : {
      "Integer (Range)" : {
        "memory" : 65480.0,
        "dbHits" : 11998.0,
        "time" : 5.888904300000001
      },
      "VANILLA" : {
        "memory" : 384.0,
        "dbHits" : 13991.0,
        "time" : 4.327237600000001
      }
    },
    "Count Descendants" : {
      "Integer (Range)" : {
        "memory" : 65680.0,
        "dbHits" : 6004.0,
        "time" : 3.5589084
      },
      "VANILLA" : {
        "memory" : 640.0,
        "dbHits" : 7012.0,
        "time" : 2.8185418
      }
    },
    "Find all Leaves" : {
      "Integer (Range)" : {
        "memory" : 49776.0,
        "dbHits" : 11756.0,
        "time" : 4.422604099999999
      },
      "VANILLA" : {
        "memory" : 384.0,
        "dbHits" : 12470.0,
        "time" : 4.251908500000001
      }
    },
    "Get LCA" : {
      "Integer (Range)" : {
        "memory" : 55392.0,
        "dbHits" : 9613.6,
        "time" : 9.1763332
      },
      "VANILLA" : {
        "memory" : 1806.4,
        "dbHits" : 4628.4,
        "time" : 8.3503499
      }
    },
    "Check if one node is the ancestor of another" : {
      "Integer (Range)" : {
        "memory" : 9600.0,
        "dbHits" : 6006.0,
        "time" : 6.7720127
      },
      "VANILLA" : {
        "memory" : 76672.0,
        "dbHits" : 6025.2,
        "time" : 7.645016700000001
      }
    },
    "Get all ancestors" : {
      "Integer (Range)" : {
        "memory" : 93480.0,
        "dbHits" : 7028.5,
        "time" : 5.845754100000001
      },
      "VANILLA" : {
        "memory" : 379.2,
        "dbHits" : 3059.2,
        "time" : 4.343666699999999
      }
    }
  },
  "10k" : {
    "Count Leaves" : {
      "Integer (Range)" : {
        "memory" : 67200.0,
        "dbHits" : 74296.0,
        "time" : 14.649883499999998
      },
      "VANILLA" : {
        "memory" : 672.0,
        "dbHits" : 74303.0,
        "time" : 9.533166600000001
      }
    },
    "Check Same Subtree" : {
      "Integer (Range)" : {
        "memory" : 20750.4,
        "dbHits" : 60044.0,
        "time" : 12.880995799999999
      },
      "VANILLA" : {
        "memory" : 28377.6,
        "dbHits" : 60046.8,
        "time" : 10.535520700000001
      }
    },
    "Find all descendants" : {
      "Integer (Range)" : {
        "memory" : 67000.0,
        "dbHits" : 119998.0,
        "time" : 38.7431833
      },
      "VANILLA" : {
        "memory" : 432.0,
        "dbHits" : 140009.0,
        "time" : 27.2786747
      }
    },
    "Count Descendants" : {
      "Integer (Range)" : {
        "memory" : 67200.0,
        "dbHits" : 60004.0,
        "time" : 10.0693209
      },
      "VANILLA" : {
        "memory" : 672.0,
        "dbHits" : 70016.0,
        "time" : 6.896241600000001
      }
    },
    "Find all Leaves" : {
      "Integer (Range)" : {
        "memory" : 67032.0,
        "dbHits" : 117172.0,
        "time" : 28.8092873
      },
      "VANILLA" : {
        "memory" : 432.0,
        "dbHits" : 124327.0,
        "time" : 21.0977376
      }
    },
    "Get LCA" : {
      "Integer (Range)" : {
        "memory" : 55392.0,
        "dbHits" : 96018.6,
        "time" : 14.708574899999999
      },
      "VANILLA" : {
        "memory" : 1907.2,
        "dbHits" : 58944.1,
        "time" : 13.740754
      }
    },
    "Check if one node is the ancestor of another" : {
      "Integer (Range)" : {
        "memory" : 9600.0,
        "dbHits" : 60006.0,
        "time" : 9.941333199999999
      },
      "VANILLA" : {
        "memory" : 76672.0,
        "dbHits" : 60031.0,
        "time" : 11.0237543
      }
    },
    "Get all ancestors" : {
      "Integer (Range)" : {
        "memory" : 95672.0,
        "dbHits" : 70035.5,
        "time" : 12.2981168
      },
      "VANILLA" : {
        "memory" : 388.8,
        "dbHits" : 30073.5,
        "time" : 7.5856876
      }
    }
  },
  "100k" : {
    "Count Leaves" : {
      "Integer (Range)" : {
        "memory" : 67200.0,
        "dbHits" : 782704.0,
        "time" : 54.81467090000001
      },
      "VANILLA" : {
        "memory" : 640.0,
        "dbHits" : 782877.0,
        "time" : 47.436529199999995
      }
    },
    "Check Same Subtree" : {
      "Integer (Range)" : {
        "memory" : 20760.0,
        "dbHits" : 600084.0,
        "time" : 34.094358299999996
      },
      "VANILLA" : {
        "memory" : 25876.4,
        "dbHits" : 600035.6,
        "time" : 33.3908206
      }
    },
    "Find all descendants" : {
      "Integer (Range)" : {
        "memory" : 67000.0,
        "dbHits" : 1199998.0,
        "time" : 220.88751660000003
      },
      "VANILLA" : {
        "memory" : 384.0,
        "dbHits" : 1400189.0,
        "time" : 216.10009580000002
      }
    },
    "Count Descendants" : {
      "Integer (Range)" : {
        "memory" : 67200.0,
        "dbHits" : 600004.0,
        "time" : 48.792008499999994
      },
      "VANILLA" : {
        "memory" : 640.0,
        "dbHits" : 700192.0,
        "time" : 38.0803833
      }
    },
    "Find all Leaves" : {
      "Integer (Range)" : {
        "memory" : 67032.0,
        "dbHits" : 1330804.0,
        "time" : 207.88880830000002
      },
      "VANILLA" : {
        "memory" : 384.0,
        "dbHits" : 1422331.0,