{
  "100" : {
    "Count Leaves" : {
      "VANILLA" : {
        "memory" : 504.0,
        "dbHits" : 460.0,
        "time" : 1.0699833
      },
      "String" : {
        "memory" : 480.0,
        "dbHits" : 301.0,
        "time" : 0.9070501999999999
      }
    },
    "Check Same Subtree" : {
      "VANILLA" : {
        "memory" : 5782.8,
        "dbHits" : 24.4,
        "time" : 4.508500199999999
      },
      "String" : {
        "memory" : 312.0,
        "dbHits" : 0.0,
        "time" : 2.118
      }
    },
    "Find all descendants" : {
      "VANILLA" : {
        "memory" : 320.0,
        "dbHits" : 894.0,
        "time" : 1.0540126
      },
      "String" : {
        "memory" : 312.0,
        "dbHits" : 501.0,
        "time" : 0.788475
      }
    },
    "Count Descendants" : {
      "VANILLA" : {
        "memory" : 504.0,
        "dbHits" : 399.0,
        "time" : 0.9278375999999998
      },
      "String" : {
        "memory" : 480.0,
        "dbHits" : 101.0,
        "time" : 0.7813873
      }
    },
    "Find all Leaves" : {
      "VANILLA" : {
        "memory" : 320.0,
        "dbHits" : 860.0,
        "time" : 1.0291374999999998
      },
      "String" : {
        "memory" : 312.0,
        "dbHits" : 621.0,
        "time" : 0.7884791
      }
    },
    "Get LCA" : {
      "VANILLA" : {
        "memory" : 8483.2,
        "dbHits" : 35.4,
        "time" : 4.7664794
      },
      "String" : {
        "memory" : 6470.4,
        "dbHits" : 6.0,
        "time" : 7.1152001
      }
    },
    "Check if one node is the ancestor of another" : {
      "VANILLA" : {
        "memory" : 9351.2,
        "dbHits" : 15.6,
        "time" : 4.5734751000000005
      },
      "String" : {
        "memory" : 312.0,
        "dbHits" : 0.0,
        "time" : 1.7074124000000002
      }
    },
    "Get all ancestors" : {
      "VANILLA" : {
        "memory" : 320.0,
        "dbHits" : 25.5,
        "time" : 2.9823043
      },
      "String" : {
        "memory" : 3192.0,
        "dbHits" : 64.7,
        "time" : 3.8411542999999995
      }
    }
  },
  "1k" : {
    "Count Leaves" : {
      "VANILLA" : {
        "memory" : 640.0,
        "dbHits" : 4750.0,
        "time" : 1.1020416000000002
      },
      "String" : {
        "memory" : 480.0,
        "dbHits" : 3001.0,
        "time" : 1.0077583
      }
    },
    "Check Same Subtree" : {
      "VANILLA" : {
        "memory" : 5986.0,
        "dbHits" : 25.4,
        "time" : 4.596658199999999
      },
      "String" : {
        "memory" : 312.0,
        "dbHits" : 0.0,
        "time" : 2.3341206999999997
      }
    },
    "Find all descendants" : {
      "VANILLA" : {
        "memory" : 368.0,
        "dbHits" : 8994.0,
        "time" : 1.0480456
      },
      "String" : {
        "memory" : 312.0,
        "dbHits" : 5001.0,
        "time" : 0.7685541
      }
    },
    "Count Descendants" : {
      "VANILLA" : {
        "memory" : 640.0,
        "dbHits" : 3999.0,
        "time" : 1.0634918
      },
      "String" : {
        "memory" : 480.0,
        "dbHits" : 1001.0,
        "time" : 0.7752168
      }
    },
    "Find all Leaves" : {
      "VANILLA" : {
        "memory" : 368.0,
        "dbHits" : 9125.0,
        "time" : 1.0159167999999998
      },
      "String" : {
        "memory" : 312.0,
        "dbHits" : 6501.0,
        "time" : 0.8166167999999999
      }
    },
    "Get LCA" : {
      "VANILLA" : {
        "memory" : 4945.2,
        "dbHits" : 33.4,
        "time" : 5.364987599999999
      },
      "String" : {
        "memory" : 6617.6,
        "dbHits" : 6.0,
        "time" : 6.837862400000001
      }
    },
    "Check if one node is the ancestor of another" : {
      "VANILLA" : {
        "memory" : 9352.0,
        "dbHits" : 18.8,
        "time" : 4.6822958
      },
      "String" : {
        "memory" : 312.0,
        "dbHits" : 0.0,
        "time" : 2.5669082
      }
    },
    "Get all ancestors" : {
      "VANILLA" : {
        "memory" : 334.4,
        "dbHits" : 30.9,
        "time" : 3.3972874000000006
      },
      "String" : {
        "memory" : 3192.8,
        "dbHits" : 592.0,
        "time" : 4.5714126
      }
    }
  },
  "10k" : {
    "Count Leaves" : {
      "VANILLA" : {
        "memory" : 640.0,
        "dbHits" : 48000.0,
        "time" : 1.6891083999999998
      },
      "String" : {
        "memory" : 480.0,
        "dbHits" : 30001.0,
        "time" : 1.5417042
      }
    },
    "Check Same Subtree" : {
      "VANILLA" : {
        "memory" : 6721.6,
        "dbHits" : 30.8,
        "time" : 6.0522751
      },
      "String" : {
        "memory" : 312.0,
        "dbHits" : 0.0,
        "time" : 6.401837499999999
      }
    },
    "Find all descendants" : {
      "VANILLA" : {
        "memory" : 368.0,
        "dbHits" : 89994.0,
        "time" : 1.4174457
      },
      "String" : {
        "memory" : 312.0,
        "dbHits" : 50001.0,
        "time" : 1.2502415999999998
      }
    },
    "Count Descendants" : {
      "VANILLA" : {
        "memory" : 640.0,
        "dbHits" : 39999.0,
        "time" : 1.2940625000000001
      },
      "String" : {
        "memory" : 480.0,
        "dbHits" : 10001.0,
        "time" : 1.1751751
      }
    },
    "Find all Leaves" : {
      "VANILLA" : {
        "memory" : 368.0,
        "dbHits" : 93000.0,
        "time" : 1.338104
      },
      "String" : {
        "memory" : 312.0,
        "dbHits" : 66001.0,
        "time" : 1.1988790000000003
      }
    },
    "Get LCA" : {
      "VANILLA" : {
        "memory" : 5292.0,
        "dbHits" : 37.0,
        "time" : 5.610479100000001
      },
      "String" : {
        "memory" : 6724.8,
        "dbHits" : 6.0,
        "time" : 10.4926333
      }
    },
    "Check if one node is the ancestor of another" : {
      "VANILLA" : {
        "memory" : 9352.0,
        "dbHits" : 21.8,
        "time" : 5.085145899999999
      },
      "String" : {
        "memory" : 312.0,
        "dbHits" : 0.0,
        "time" : 2.4445082
      }
    },
    "Get all ancestors" : {
      "VANILLA" : {
        "memory" : 363.2,
        "dbHits" : 38.1,
        "time" : 3.2696501000000007
      },
      "String" : {
        "memory" : 3197.6,
        "dbHits" : 4654.7,
        "time" : 4.694154299999999
      }
    }
  },
  "100k" : {
    "Count Leaves" : {
      "VANILLA" : {
        "memory" : 640.0,
        "dbHits" : 483348.0,
        "time" : 1.6778792
      },
      "String" : {
        "memory" : 480.0,
        "dbHits" : 300001.0,
        "time" : 1.2879793
      }
    },
    "Check Same Subtree" : {
      "VANILLA" : {
        "memory" : 7743.2,
        "dbHits" : 36.6,
        "time" : 6.5094666000000005
      },
      "String" : {
        "memory" : 312.0,
        "dbHits" : 0.0,
        "time" : 3.2246666
      }
    },
    "Find all descendants" : {
      "VANILLA" : {
        "memory" : 368.0,
        "dbHits" : 899994.0,
        "time" : 1.2722415999999999
      },
      "String" : {
        "memory" : 312.0,
        "dbHits" : 500001.0,
        "time" : 1.1192792
      }
    },
    "Count Descendants" : {
      "VANILLA" : {
        "memory" : 640.0,
        "dbHits" : 399999.0,
        "time" : 1.8852958999999998
      },
      "String" : {
        "memory" : 480.0,
        "dbHits" : 100001.0,
        "time" : 1.5791541
      }
    },
    "Find all Leaves" : {
      "VANILLA" : {
        "memory" : 368.0,
        "dbHits" : 941718.0,
        "time" : 1.233271
      },
      "String" : {
        "memory" : 312.0,
        "dbHits" : 666697.0,
        "time" : 1.1468916999999998
      }
    },
    "Get LCA" : {
      "VANILLA" : {
        "memory" : 5649.6,
        "dbHits" : 41.0,
        "time" : 7.0311503
      },
      "String" : {
        "memory" : 6945.6,
        "dbHits" : 6.0,
        "time" : 8.1910209
      }
    },
    "Check if one node is the ancestor of another" : {
      "VANILLA" : {
        "memory" : 9352.0,
        "dbHits" : 24.8,
        "time" : 6.047071
      },