{
  "100" : {
    "Count Leaves" : {
      "VANILLA" : {
        "memory" : 552.0,
        "dbHits" : 418.0,
        "time" : 1.5224501
      },
      "String" : {
        "memory" : 480.0,
        "dbHits" : 301.0,
        "time" : 1.1223582999999997
      }
    },
    "Check Same Subtree" : {
      "VANILLA" : {
        "memory" : 7360.4,
        "dbHits" : 34.2,
        "time" : 5.840945800000001
      },
      "String" : {
        "memory" : 312.0,
        "dbHits" : 0.0,
        "time" : 2.2859333000000004
      }
    },
    "Find all descendants" : {
      "VANILLA" : {
        "memory" : 368.0,
        "dbHits" : 894.0,
        "time" : 1.5731583
      },
      "String" : {
        "memory" : 312.0,
        "dbHits" : 501.0,
        "time" : 1.6336417
      }
    },
    "Count Descendants" : {
      "VANILLA" : {
        "memory" : 552.0,
        "dbHits" : 399.0,
        "time" : 1.3441625
      },
      "String" : {
        "memory" : 480.0,
        "dbHits" : 101.0,
        "time" : 1.6308457
      }
    },
    "Find all Leaves" : {
      "VANILLA" : {
        "memory" : 368.0,
        "dbHits" : 713.0,
        "time" : 1.9296710000000004
      },
      "String" : {
        "memory" : 312.0,
        "dbHits" : 537.0,
        "time" : 2.4373334
      }
    },
    "Get LCA" : {
      "VANILLA" : {
        "memory" : 8721.6,
        "dbHits" : 47.8,
        "time" : 5.5188
      },
      "String" : {
        "memory" : 6871.2,
        "dbHits" : 6.0,
        "time" : 6.7778876
      }
    },
    "Check if one node is the ancestor of another" : {
      "VANILLA" : {
        "memory" : 9352.0,
        "dbHits" : 22.4,
        "time" : 6.3458128
      },
      "String" : {
        "memory" : 312.0,
        "dbHits" : 0.0,
        "time" : 1.6705538999999998
      }
    },
    "Get all ancestors" : {
      "VANILLA" : {
        "memory" : 358.4,
        "dbHits" : 39.0,
        "time" : 2.9231916999999994
      },
      "String" : {
        "memory" : 3199.2,
        "dbHits" : 67.8,
        "time" : 3.8045083999999996
      }
    }
  },
  "1k" : {
    "Count Leaves" : {
      "VANILLA" : {
        "memory" : 640.0,
        "dbHits" : 7447.0,
        "time" : 2.8805544
      },
      "String" : {
        "memory" : 480.0,
        "dbHits" : 4951.0,
        "time" : 2.8569416000000007
      }
    },
    "Check Same Subtree" : {
      "VANILLA" : {
        "memory" : 7694.4,
        "dbHits" : 6033.2,
        "time" : 5.5326376
      },
      "String" : {
        "memory" : 312.0,
        "dbHits" : 0.0,
        "time" : 2.6490248000000003
      }
    },
    "Find all descendants" : {
      "VANILLA" : {
        "memory" : 384.0,
        "dbHits" : 11993.0,
        "time" : 3.2160623999999998
      },
      "String" : {
        "memory" : 312.0,
        "dbHits" : 8001.0,
        "time" : 3.3489125
      }
    },
    "Count Descendants" : {
      "VANILLA" : {
        "memory" : 640.0,
        "dbHits" : 7012.0,
        "time" : 2.5083458999999997
      },
      "String" : {
        "memory" : 480.0,
        "dbHits" : 3001.0,
        "time" : 1.7324292
      }
    },
    "Find all Leaves" : {
      "VANILLA" : {
        "memory" : 384.0,
        "dbHits" : 11032.0,
        "time" : 3.2338377
      },
      "String" : {
        "memory" : 312.0,
        "dbHits" : 8546.0,
        "time" : 2.8189873999999997
      }
    },
    "Get LCA" : {
      "VANILLA" : {
        "memory" : 1799.2,
        "dbHits" : 6162.5,
        "time" : 7.5375792000000015
      },
      "String" : {
        "memory" : 7011.2,
        "dbHits" : 3006.0,
        "time" : 8.1097334
      }
    },
    "Check if one node is the ancestor of another" : {
      "VANILLA" : {
        "memory" : 76672.0,
        "dbHits" : 6024.2,
        "time" : 6.9165793
      },
      "String" : {
        "memory" : 312.0,
        "dbHits" : 0.0,
        "time" : 1.8415457999999998
      }
    },
    "Get all ancestors" : {
      "VANILLA" : {
        "memory" : 379.2,
        "dbHits" : 3045.2,
        "time" : 3.8422419
      },
      "String" : {
        "memory" : 105040.0,
        "dbHits" : 6020.0,
        "time" : 4.8758873
      }
    }
  },
  "10k" : {
    "Count Leaves" : {
      "VANILLA" : {
        "memory" : 672.0,
        "dbHits" : 74303.0,
        "time" : 8.141587300000001
      },
      "String" : {
        "memory" : 480.0,
        "dbHits" : 44805.0,
        "time" : 6.1056211000000005
      }
    },
    "Check Same Subtree" : {
      "VANILLA" : {
        "memory" : 28062.4,
        "dbHits" : 60045.4,
        "time" : 10.3604791
      },
      "String" : {
        "memory" : 312.0,
        "dbHits" : 0.0,
        "time" : 2.4550331000000005
      }
    },
    "Find all descendants" : {
      "VANILLA" : {
        "memory" : 432.0,
        "dbHits" : 120011.0,
        "time" : 25.0194707
      },
      "String" : {
        "memory" : 312.0,
        "dbHits" : 80001.0,
        "time" : 22.622466600000003
      }
    },
    "Count Descendants" : {
      "VANILLA" : {
        "memory" : 672.0,
        "dbHits" : 70016.0,
        "time" : 6.4559957
      },
      "String" : {
        "memory" : 480.0,
        "dbHits" : 30001.0,
        "time" : 5.7946748999999995
      }
    },
    "Find all Leaves" : {
      "VANILLA" : {
        "memory" : 432.0,
        "dbHits" : 110035.0,
        "time" : 20.364012499999998
      },
      "String" : {
        "memory" : 312.0,
        "dbHits" : 80535.0,
        "time" : 21.0010084
      }
    },
    "Get LCA" : {
      "VANILLA" : {
        "memory" : 1921.6,
        "dbHits" : 63157.1,
        "time" : 10.133379200000002
      },
      "String" : {
        "memory" : 39608.8,
        "dbHits" : 30006.0,
        "time" : 11.0531167
      }
    },
    "Check if one node is the ancestor of another" : {
      "VANILLA" : {
        "memory" : 76672.0,
        "dbHits" : 60030.8,
        "time" : 9.2236375
      },
      "String" : {
        "memory" : 312.0,
        "dbHits" : 0.0,
        "time" : 1.9067458
      }
    },
    "Get all ancestors" : {
      "VANILLA" : {
        "memory" : 384.0,
        "dbHits" : 30063.2,
        "time" : 5.3754416
      },
      "String" : {
        "memory" : 107960.0,
        "dbHits" : 60026.0,
        "time" : 9.917570800000002
      }
    }
  },
  "100k" : {
    "Count Leaves" : {
      "VANILLA" : {
        "memory" : 640.0,
        "dbHits" : 782877.0,
        "time" : 41.958312299999996
      },
      "String" : {
        "memory" : 480.0,
        "dbHits" : 483213.0,
        "time" : 27.9861832
      }
    },
    "Check Same Subtree" : {
      "VANILLA" : {
        "memory" : 25876.4,
        "dbHits" : 600035.6,
        "time" : 36.26431279999999
      },
      "String" : {
        "memory" : 312.0,
        "dbHits" : 0.0,
        "time" : 2.5533543000000005
      }
    },
    "Find all descendants" : {
      "VANILLA" : {
        "memory" : 384.0,
        "dbHits" : 1200191.0,
        "time" : 198.2394749
      },
      "String" : {
        "memory" : 312.0,
        "dbHits" : 800001.0,
        "time" : 371.0797751
      }
    },
    "Count Descendants" : {
      "VANILLA" : {
        "memory" : 640.0,
        "dbHits" : 700192.0,
        "time" : 55.06173749999999
      },
      "String" : {
        "memory" : 480.0,
        "dbHits" : 300001.0,
        "time" : 19.1219667
      }
    },
    "Find all Leaves" : {
      "VANILLA" : {
        "memory" : 384.0,
        "dbHits" : 1239631.0,
        "time" : 190.62814179999998
      },
      "String" : {
        "memory" : 312.0,
        "dbHits" : 939963.0,
        "time" : 173.90499599999998
      }
    },
    "Get LCA" : {
      "VANILLA" : {
        "memory" : 1784.8,
        "dbHits" : 567385.0,
        "time" : 41.9898458
      },
      "String" : {
        "memory" : 39216.0,
        "dbHits" : 300006.0,
        "time" : 25.874808100000003
      }
    },