{
  "100" : {
    "Count Leaves" : {
      "VANILLA" : {
        "memory" : 504.0,
        "dbHits" : 460.0,
        "time" : 0.8819709
      },
      "String" : {
        "memory" : 480.0,
        "dbHits" : 301.0,
        "time" : 0.7838082000000001
      }
    },
    "Check Same Subtree" : {
      "VANILLA" : {
        "memory" : 5782.8,
        "dbHits" : 24.4,
        "time" : 4.1848709
      },
      "String" : {
        "memory" : 312.0,
        "dbHits" : 0.0,
        "time" : 1.933775
      }
    },
    "Find all descendants" : {
      "VANILLA" : {
        "memory" : 320.0,
        "dbHits" : 894.0,
        "time" : 0.8243335
      },
      "String" : {
        "memory" : 312.0,
        "dbHits" : 501.0,
        "time" : 0.6903961
      }
    },
    "Count Descendants" : {
      "VANILLA" : {
        "memory" : 504.0,
        "dbHits" : 399.0,
        "time" : 0.8083375
      },
      "String" : {
        "memory" : 480.0,
        "dbHits" : 101.0,
        "time" : 0.7048709000000001
      }
    },
    "Find all Leaves" : {
      "VANILLA" : {
        "memory" : 320.0,
        "dbHits" : 860.0,
        "time" : 0.8717417
      },
      "String" : {
        "memory" : 312.0,
        "dbHits" : 621.0,
        "time" : 0.7890124000000001
      }
    },
    "Get LCA" : {
      "VANILLA" : {
        "memory" : 8483.2,
        "dbHits" : 35.4,
        "time" : 4.5847291
      },
      "String" : {
        "memory" : 6470.4,
        "dbHits" : 6.0,
        "time" : 6.7757373
      }
    },
    "Check if one node is the ancestor of another" : {
      "VANILLA" : {
        "memory" : 9351.2,
        "dbHits" : 15.6,
        "time" : 4.134254100000001
      },
      "String" : {
        "memory" : 312.0,
        "dbHits" : 0.0,
        "time" : 1.4429541000000001
      }
    },
    "Get all ancestors" : {
      "VANILLA" : {
        "memory" : 320.0,
        "dbHits" : 25.5,
        "time" : 2.6986083000000005
      },
      "String" : {
        "memory" : 3192.0,
        "dbHits" : 64.7,
        "time" : 3.2991623
      }
    }
  },
  "1k" : {
    "Count Leaves" : {
      "VANILLA" : {
        "memory" : 640.0,
        "dbHits" : 4750.0,
        "time" : 1.0312584
      },
      "String" : {
        "memory" : 480.0,
        "dbHits" : 3001.0,
        "time" : 0.8894583999999999
      }
    },
    "Check Same Subtree" : {
      "VANILLA" : {
        "memory" : 5986.0,
        "dbHits" : 25.4,
        "time" : 4.2441457
      },
      "String" : {
        "memory" : 312.0,
        "dbHits" : 0.0,
        "time" : 2.0191665
      }
    },
    "Find all descendants" : {
      "VANILLA" : {
        "memory" : 368.0,
        "dbHits" : 8994.0,
        "time" : 0.8398998000000001
      },
      "String" : {
        "memory" : 312.0,
        "dbHits" : 5001.0,
        "time" : 0.7580709
      }
    },
    "Count Descendants" : {
      "VANILLA" : {
        "memory" : 640.0,
        "dbHits" : 3999.0,
        "time" : 0.8732249
      },
      "String" : {
        "memory" : 480.0,
        "dbHits" : 1001.0,
        "time" : 0.6919375
      }
    },
    "Find all Leaves" : {
      "VANILLA" : {
        "memory" : 368.0,
        "dbHits" : 9125.0,
        "time" : 0.9104918
      },
      "String" : {
        "memory" : 312.0,
        "dbHits" : 6501.0,
        "time" : 0.7587499
      }
    },
    "Get LCA" : {
      "VANILLA" : {
        "memory" : 4945.2,
        "dbHits" : 33.4,
        "time" : 4.755537500000001
      },
      "String" : {
        "memory" : 6617.6,
        "dbHits" : 6.0,
        "time" : 6.7635583
      }
    },
    "Check if one node is the ancestor of another" : {
      "VANILLA" : {
        "memory" : 9352.0,
        "dbHits" : 18.8,
        "time" : 4.8631334
      },
      "String" : {
        "memory" : 312.0,
        "dbHits" : 0.0,
        "time" : 1.3975915999999997
      }
    },
    "Get all ancestors" : {
      "VANILLA" : {
        "memory" : 334.4,
        "dbHits" : 30.9,
        "time" : 3.2353081999999995
      },
      "String" : {
        "memory" : 3192.8,
        "dbHits" : 592.0,
        "time" : 3.3706373
      }
    }
  },
  "10k" : {
    "Count Leaves" : {
      "VANILLA" : {
        "memory" : 640.0,
        "dbHits" : 48000.0,
        "time" : 1.507629
      },
      "String" : {
        "memory" : 480.0,
        "dbHits" : 30001.0,
        "time" : 1.1164625000000001
      }
    },
    "Check Same Subtree" : {
      "VANILLA" : {
        "memory" : 6721.6,
        "dbHits" : 30.8,
        "time" : 5.2754792
      },
      "String" : {
        "memory" : 312.0,
        "dbHits" : 0.0,
        "time" : 2.2949124
      }
    },
    "Find all descendants" : {
      "VANILLA" : {
        "memory" : 368.0,
        "dbHits" : 89994.0,
        "time" : 1.3289124
      },
      "String" : {
        "memory" : 312.0,
        "dbHits" : 50001.0,
        "time" : 1.4263166999999997
      }
    },
    "Count Descendants" : {
      "VANILLA" : {
        "memory" : 640.0,
        "dbHits" : 39999.0,
        "time" : 1.1749539
      },
      "String" : {
        "memory" : 480.0,
        "dbHits" : 10001.0,
        "time" : 1.5094583000000001
      }
    },
    "Find all Leaves" : {
      "VANILLA" : {
        "memory" : 368.0,
        "dbHits" : 93000.0,
        "time" : 1.3299040999999998
      },
      "String" : {
        "memory" : 312.0,
        "dbHits" : 66001.0,
        "time" : 1.0505082000000001
      }
    },
    "Get LCA" : {
      "VANILLA" : {
        "memory" : 5292.0,
        "dbHits" : 37.0,
        "time" : 5.1493666
      },
      "String" : {
        "memory" : 6724.8,
        "dbHits" : 6.0,
        "time" : 10.2732209
      }
    },
    "Check if one node is the ancestor of another" : {
      "VANILLA" : {
        "memory" : 9352.0,
        "dbHits" : 21.8,
        "time" : 4.373129199999999
      },
      "String" : {
        "memory" : 312.0,
        "dbHits" : 0.0,
        "time" : 1.6111753
      }
    },
    "Get all ancestors" : {
      "VANILLA" : {
        "memory" : 363.2,
        "dbHits" : 38.1,
        "time" : 3.1518626000000003
      },
      "String" : {
        "memory" : 3197.6,
        "dbHits" : 4654.7,
        "time" : 3.8077791999999997
      }
    }
  },
  "100k" : {
    "Count Leaves" : {
      "VANILLA" : {
        "memory" : 640.0,
        "dbHits" : 483348.0,
        "time" : 1.3713748999999997
      },
      "String" : {
        "memory" : 480.0,
        "dbHits" : 300001.0,
        "time" : 1.1252501999999998
      }
    },
    "Check Same Subtree" : {
      "VANILLA" : {
        "memory" : 7743.2,
        "dbHits" : 36.6,
        "time" : 6.7244500999999985
      },
      "String" : {
        "memory" : 312.0,
        "dbHits" : 0.0,
        "time" : 2.6681416
      }
    },
    "Find all descendants" : {
      "VANILLA" : {
        "memory" : 368.0,
        "dbHits" : 899994.0,
        "time" : 1.1086416000000001
      },
      "String" : {
        "memory" : 312.0,
        "dbHits" : 500001.0,
        "time" : 1.0399542
      }
    },
    "Count Descendants" : {
      "VANILLA" : {
        "memory" : 640.0,
        "dbHits" : 399999.0,
        "time" : 2.5235208
      },
      "String" : {
        "memory" : 480.0,
        "dbHits" : 100001.0,
        "time" : 1.2086414
      }
    },
    "Find all Leaves" : {
      "VANILLA" : {
        "memory" : 368.0,
        "dbHits" : 941718.0,
        "time" : 1.1601876
      },
      "String" : {
        "memory" : 312.0,
        "dbHits" : 666697.0,
        "time" : 1.0405042999999998
      }
    },
    "Get LCA" : {
      "VANILLA" : {
        "memory" : 5649.6,
        "dbHits" : 41.0,
        "time" : 6.4063666999999995
      },
      "String" : {
        "memory" : 6945.6,
        "dbHits" : 6.0,
        "time" : 6.6911123
      }
    },
    "Check if one node is the ancestor of another" : {
      "VANILLA" : {
        "memory" : 9352.0,
        "dbHits" : 24.8,
        "time" : 6.136695900000001
      },